-- MySQL dump 10.13  Distrib 8.0.29, for Linux (x86_64)
--
-- Host: 127.0.0.1    Database: pesquisa
-- ------------------------------------------------------
-- Server version	8.0.29-0ubuntu0.20.04.3

/*!40101 SET @OLD_CHARACTER_SET_CLIENT=@@CHARACTER_SET_CLIENT */;
/*!40101 SET @OLD_CHARACTER_SET_RESULTS=@@CHARACTER_SET_RESULTS */;
/*!40101 SET @OLD_COLLATION_CONNECTION=@@COLLATION_CONNECTION */;
/*!50503 SET NAMES utf8 */;
/*!40103 SET @OLD_TIME_ZONE=@@TIME_ZONE */;
/*!40103 SET TIME_ZONE='+00:00' */;
/*!40014 SET @OLD_UNIQUE_CHECKS=@@UNIQUE_CHECKS, UNIQUE_CHECKS=0 */;
/*!40014 SET @OLD_FOREIGN_KEY_CHECKS=@@FOREIGN_KEY_CHECKS, FOREIGN_KEY_CHECKS=0 */;
/*!40101 SET @OLD_SQL_MODE=@@SQL_MODE, SQL_MODE='NO_AUTO_VALUE_ON_ZERO' */;
/*!40111 SET @OLD_SQL_NOTES=@@SQL_NOTES, SQL_NOTES=0 */;

--
-- Table structure for table `animal_estimacao`
--

DROP TABLE IF EXISTS `animal_estimacao`;
/*!40101 SET @saved_cs_client     = @@character_set_client */;
/*!50503 SET character_set_client = utf8mb4 */;
CREATE TABLE `animal_estimacao` (
  `cod_animal_estimacao` int NOT NULL AUTO_INCREMENT,
  `animal` varchar(45) DEFAULT NULL,
  PRIMARY KEY (`cod_animal_estimacao`)
) ENGINE=InnoDB AUTO_INCREMENT=5 DEFAULT CHARSET=utf8mb4 COLLATE=utf8mb4_0900_ai_ci;
/*!40101 SET character_set_client = @saved_cs_client */;

--
-- Dumping data for table `animal_estimacao`
--

LOCK TABLES `animal_estimacao` WRITE;
/*!40000 ALTER TABLE `animal_estimacao` DISABLE KEYS */;
INSERT INTO `animal_estimacao` VALUES (1,'peixe'),(2,'tartaruga'),(3,'gato'),(4,'cachorro');
/*!40000 ALTER TABLE `animal_estimacao` ENABLE KEYS */;
UNLOCK TABLES;

--
-- Table structure for table `bebida`
--

DROP TABLE IF EXISTS `bebida`;
/*!40101 SET @saved_cs_client     = @@character_set_client */;
/*!50503 SET character_set_client = utf8mb4 */;
CREATE TABLE `bebida` (
  `cod_bebida` int NOT NULL AUTO_INCREMENT,
  `bebida` varchar(45) DEFAULT NULL,
  PRIMARY KEY (`cod_bebida`)
) ENGINE=InnoDB AUTO_INCREMENT=7 DEFAULT CHARSET=utf8mb4 COLLATE=utf8mb4_0900_ai_ci;
/*!40101 SET character_set_client = @saved_cs_client */;

--
-- Dumping data for table `bebida`
--

LOCK TABLES `bebida` WRITE;
/*!40000 ALTER TABLE `bebida` DISABLE KEYS */;
INSERT INTO `bebida` VALUES (1,'Cerveja'),(2,'Água'),(3,'Chá'),(4,'Café'),(5,'refrigerante'),(6,'Vinho');
/*!40000 ALTER TABLE `bebida` ENABLE KEYS */;
UNLOCK TABLES;

--
-- Table structure for table `clima`
--

DROP TABLE IF EXISTS `clima`;
/*!40101 SET @saved_cs_client     = @@character_set_client */;
/*!50503 SET character_set_client = utf8mb4 */;
CREATE TABLE `clima` (
  `cod_clima` int NOT NULL AUTO_INCREMENT,
  `clima` varchar(45) DEFAULT NULL,
  PRIMARY KEY (`cod_clima`)
) ENGINE=InnoDB AUTO_INCREMENT=4 DEFAULT CHARSET=utf8mb4 COLLATE=utf8mb4_0900_ai_ci;
/*!40101 SET character_set_client = @saved_cs_client */;

--
-- Dumping data for table `clima`
--

LOCK TABLES `clima` WRITE;
/*!40000 ALTER TABLE `clima` DISABLE KEYS */;
INSERT INTO `clima` VALUES (1,'frio'),(2,'moderado'),(3,'quente');
/*!40000 ALTER TABLE `clima` ENABLE KEYS */;
UNLOCK TABLES;

--
-- Table structure for table `hobbie`
--

DROP TABLE IF EXISTS `hobbie`;
/*!40101 SET @saved_cs_client     = @@character_set_client */;
/*!50503 SET character_set_client = utf8mb4 */;
CREATE TABLE `hobbie` (
  `cod_hobbie` int NOT NULL AUTO_INCREMENT,
  `hobbie` varchar(45) DEFAULT NULL,
  PRIMARY KEY (`cod_hobbie`)
) ENGINE=InnoDB AUTO_INCREMENT=9 DEFAULT CHARSET=utf8mb4 COLLATE=utf8mb4_0900_ai_ci;
/*!40101 SET character_set_client = @saved_cs_client */;

--
-- Dumping data for table `hobbie`
--

LOCK TABLES `hobbie` WRITE;
/*!40000 ALTER TABLE `hobbie` DISABLE KEYS */;
INSERT INTO `hobbie` VALUES (1,'Praticar esporte'),(2,'Escrever'),(3,'Pintar quadros'),(4,'Dormir'),(5,'Aprender algo novo'),(6,'Escutar música'),(7,'Assistir TV'),(8,'Ler livros');
/*!40000 ALTER TABLE `hobbie` ENABLE KEYS */;
UNLOCK TABLES;

--
-- Table structure for table `pesquisa`
--

DROP TABLE IF EXISTS `pesquisa`;
/*!40101 SET @saved_cs_client     = @@character_set_client */;
/*!50503 SET character_set_client = utf8mb4 */;
CREATE TABLE `pesquisa` (
  `cod_pesquisa` int NOT NULL AUTO_INCREMENT,
  `data_coleta` date NOT NULL,
  `cod_pessoa` int NOT NULL,
  `cod_animal_estimacao` int NOT NULL,
  `cod_bebida` int NOT NULL,
  `cod_hobbie` int NOT NULL,
  `cod_clima` int NOT NULL,
  PRIMARY KEY (`cod_pesquisa`),
  KEY `fk_pesquisa_pessoa_idx` (`cod_pessoa`),
  KEY `fk_pesquisa_animal_estimacao1_idx` (`cod_animal_estimacao`),
  KEY `fk_pesquisa_bebida1_idx` (`cod_bebida`),
  KEY `fk_pesquisa_hobbie1_idx` (`cod_hobbie`),
  KEY `fk_pesquisa_clima1_idx` (`cod_clima`),
  CONSTRAINT `fk_pesquisa_animal_estimacao1` FOREIGN KEY (`cod_animal_estimacao`) REFERENCES `animal_estimacao` (`cod_animal_estimacao`),
  CONSTRAINT `fk_pesquisa_bebida1` FOREIGN KEY (`cod_bebida`) REFERENCES `bebida` (`cod_bebida`),
  CONSTRAINT `fk_pesquisa_clima1` FOREIGN KEY (`cod_clima`) REFERENCES `clima` (`cod_clima`),
  CONSTRAINT `fk_pesquisa_hobbie1` FOREIGN KEY (`cod_hobbie`) REFERENCES `hobbie` (`cod_hobbie`),
  CONSTRAINT `fk_pesquisa_pessoa` FOREIGN KEY (`cod_pessoa`) REFERENCES `pessoa` (`cod_pessoa`)
) ENGINE=InnoDB AUTO_INCREMENT=2128 DEFAULT CHARSET=utf8mb4 COLLATE=utf8mb4_0900_ai_ci;
/*!40101 SET character_set_client = @saved_cs_client */;

--
-- Dumping data for table `pesquisa`
--

LOCK TABLES `pesquisa` WRITE;
/*!40000 ALTER TABLE `pesquisa` DISABLE KEYS */;
INSERT INTO `pesquisa` VALUES (1,'2020-12-16',10142463,1,1,1,1),(2,'2020-12-16',10143145,2,2,2,2),(3,'2020-12-16',10143246,3,1,3,3),(4,'2020-12-11',10141672,4,1,4,2),(5,'2020-12-11',10142294,2,3,5,1),(6,'2020-12-11',10142630,4,1,6,1),(7,'2020-12-11',10142997,1,4,5,2),(8,'2020-09-14',10141775,2,3,2,2),(9,'2020-09-14',10141789,3,4,2,1),(10,'2020-09-14',10141984,3,5,7,2),(11,'2020-09-14',10142195,4,3,8,2),(12,'2020-09-14',10143089,3,1,1,1),(13,'2020-08-03',10142209,4,1,1,3),(14,'2020-08-03',10142569,1,4,3,3),(15,'2020-08-03',10142702,3,5,5,2),(16,'2020-08-03',10143267,4,3,5,3),(17,'2020-08-03',10143302,3,5,3,2),(18,'2020-04-27',10141552,2,6,1,3),(19,'2020-04-27',10141891,3,5,7,2),(20,'2020-04-27',10142713,2,5,8,2),(21,'2020-04-27',10143496,4,1,5,2),(22,'2020-06-06',10142149,1,5,4,1),(23,'2020-06-06',10142730,2,2,3,1),(24,'2020-06-06',10143248,1,4,7,3),(25,'2020-10-22',10141623,3,5,2,3),(26,'2020-10-22',10141974,3,1,1,2),(27,'2020-10-22',10142213,1,5,7,1),(28,'2020-10-22',10142457,2,2,6,3),(29,'2020-10-22',10142490,2,6,3,2),(30,'2020-10-22',10143083,2,6,6,2),(31,'2020-10-22',10143254,3,4,3,2),(32,'2020-10-22',10143479,2,5,2,3),(33,'2020-03-03',10142194,1,5,8,1),(34,'2020-03-03',10142783,3,5,2,1),(35,'2020-03-03',10142932,2,4,2,2),(36,'2020-03-03',10143340,4,4,5,1),(37,'2020-03-03',10143430,1,4,3,2),(38,'2020-03-03',10143474,2,6,2,2),(39,'2020-03-03',10143609,3,1,1,2),(40,'2020-03-02',10141854,2,1,3,3),(41,'2020-03-02',10142243,2,3,8,2),(42,'2020-03-02',10142454,3,6,8,1),(43,'2020-03-02',10142553,3,3,5,1),(44,'2020-09-25',10141598,3,3,4,1),(45,'2020-09-25',10141678,2,3,2,2),(46,'2020-09-25',10142055,4,2,5,2),(47,'2020-09-25',10142192,2,4,6,2),(48,'2020-09-25',10142345,3,3,8,1),(49,'2020-07-08',10141539,4,3,8,3),(50,'2020-07-08',10141571,3,3,5,1),(51,'2020-07-08',10141922,1,5,3,3),(52,'2020-07-08',10142183,2,4,1,3),(53,'2020-07-08',10142242,3,3,4,2),(54,'2020-07-08',10142575,3,1,3,2),(55,'2020-07-08',10143038,1,3,1,1),(56,'2020-07-08',10143164,2,6,8,1),(57,'2020-04-05',10141903,1,1,7,2),(58,'2020-04-05',10142496,3,3,7,2),(59,'2020-04-05',10142633,3,6,7,3),(60,'2020-04-05',10142662,2,2,7,2),(61,'2020-04-05',10142841,3,5,3,3),(62,'2020-04-05',10143076,2,4,3,2),(63,'2020-04-05',10143617,3,6,8,2),(64,'2020-09-05',10141547,2,6,2,3),(65,'2020-09-05',10141931,4,3,7,1),(66,'2020-09-05',10143264,2,1,2,2),(67,'2020-05-06',10141807,3,6,5,2),(68,'2020-05-06',10141808,4,1,6,1),(69,'2020-05-06',10141932,4,2,1,1),(70,'2020-05-06',10142312,3,3,1,3),(71,'2020-05-06',10142322,3,1,8,1),(72,'2020-05-06',10142535,3,1,8,2),(73,'2020-05-06',10142710,2,2,1,1),(74,'2020-05-06',10142883,3,1,8,2),(75,'2020-05-06',10143193,2,5,4,1),(76,'2020-05-06',10143315,2,3,3,1),(77,'2020-05-06',10143377,4,4,3,1),(78,'2020-12-20',10141762,3,3,4,2),(79,'2020-12-20',10142032,3,1,1,1),(80,'2020-12-20',10142869,2,3,1,2),(81,'2020-04-19',10141503,4,5,1,1),(82,'2020-04-19',10142433,3,5,6,2),(83,'2020-04-19',10142446,1,5,1,2),(84,'2020-04-19',10142450,3,2,4,1),(85,'2020-04-19',10142513,1,4,4,1),(86,'2020-04-19',10142714,1,4,3,1),(87,'2020-10-21',10141682,2,1,8,3),(88,'2020-10-21',10142234,4,2,2,1),(89,'2020-10-21',10142355,1,2,5,1),(90,'2020-10-21',10142510,3,1,8,3),(91,'2020-10-21',10143068,3,3,8,2),(92,'2020-10-21',10143170,4,4,8,1),(93,'2020-10-21',10143517,2,4,1,1),(94,'2020-07-09',10141897,3,6,6,1),(95,'2020-07-09',10142026,1,3,5,3),(96,'2020-07-09',10142854,1,3,4,2),(97,'2020-07-09',10143009,2,4,6,3),(98,'2020-07-09',10143516,4,6,1,3),(99,'2020-08-07',10141702,2,3,2,1),(100,'2020-08-07',10141753,3,4,1,2),(101,'2020-08-07',10142123,3,5,1,3),(102,'2020-08-07',10142202,1,3,4,3),(103,'2020-08-07',10142607,2,2,6,1),(104,'2020-03-15',10141824,1,1,1,3),(105,'2020-03-15',10141910,1,6,7,3),(106,'2020-03-15',10141955,1,6,4,3),(107,'2020-03-15',10142143,4,1,3,3),(108,'2020-03-15',10142661,2,4,3,3),(109,'2020-03-15',10143290,3,3,8,3),(110,'2020-03-15',10143451,3,2,7,1),(111,'2020-12-24',10141760,3,3,2,3),(112,'2020-12-24',10141806,3,5,4,1),(113,'2020-12-24',10141888,3,5,2,3),(114,'2020-12-24',10142181,1,3,1,2),(115,'2020-12-24',10142352,3,2,2,3),(116,'2020-12-24',10142863,4,5,3,3),(117,'2020-12-24',10142981,3,6,1,2),(118,'2020-12-24',10143114,3,1,1,3),(119,'2020-12-24',10143535,4,1,8,2),(120,'2020-07-12',10141943,3,2,5,2),(121,'2020-07-12',10142584,3,5,8,2),(122,'2020-07-12',10142721,3,1,7,3),(123,'2020-07-12',10142873,4,4,4,3),(124,'2020-07-12',10142962,2,5,4,3),(125,'2020-07-12',10143032,1,3,7,2),(126,'2020-07-12',10143327,1,5,2,2),(127,'2020-07-12',10143422,4,1,8,2),(128,'2020-12-01',10141742,3,1,5,2),(129,'2020-12-01',10143440,3,4,3,2),(130,'2020-08-23',10141639,3,2,7,1),(131,'2020-08-23',10141736,4,2,4,3),(132,'2020-08-23',10142718,4,5,2,2),(133,'2020-08-23',10143387,2,5,3,1),(134,'2020-08-23',10143443,4,1,3,3),(135,'2020-05-07',10142489,2,4,7,1),(136,'2020-05-07',10143003,1,5,4,3),(137,'2020-05-07',10143328,3,1,1,2),(138,'2020-09-06',10141544,3,5,2,2),(139,'2020-09-06',10141694,3,4,1,2),(140,'2020-09-06',10142162,3,2,1,1),(141,'2020-09-06',10142855,3,6,3,3),(142,'2020-02-09',10141577,4,2,7,3),(143,'2020-02-09',10141906,3,2,2,1),(144,'2020-02-09',10141916,4,3,5,3),(145,'2020-02-09',10142009,4,1,3,3),(146,'2020-02-09',10142241,2,3,3,1),(147,'2020-02-09',10142273,1,4,6,1),(148,'2020-02-09',10142617,3,4,6,3),(149,'2020-02-09',10143040,3,1,6,1),(150,'2020-04-12',10141734,4,1,4,2),(151,'2020-04-12',10141900,1,5,8,2),(152,'2020-04-12',10142348,3,1,1,3),(153,'2020-04-12',10142860,4,4,6,1),(154,'2020-04-12',10143318,4,4,4,3),(155,'2020-02-05',10141644,3,1,6,2),(156,'2020-02-05',10141705,3,5,2,2),(157,'2020-02-05',10141966,3,2,4,2),(158,'2020-02-05',10142260,3,4,3,2),(159,'2020-02-05',10142336,3,6,1,1),(160,'2020-02-05',10142610,4,5,7,2),(161,'2020-02-05',10143294,3,2,2,3),(162,'2020-11-20',10141909,1,3,6,1),(163,'2020-11-20',10141971,4,5,4,1),(164,'2020-11-20',10142007,1,4,5,2),(165,'2020-11-20',10142056,4,5,1,3),(166,'2020-11-20',10142722,1,1,5,1),(167,'2020-11-20',10142924,3,1,1,1),(168,'2020-11-20',10143383,3,6,8,1),(169,'2020-11-10',10142403,1,3,8,2),(170,'2020-11-10',10142577,3,2,8,2),(171,'2020-11-10',10142814,1,6,5,3),(172,'2020-11-10',10142884,1,5,7,3),(173,'2020-11-10',10143150,4,1,3,1),(174,'2020-11-10',10143483,3,6,2,3),(175,'2020-02-03',10141710,2,3,5,3),(176,'2020-02-03',10142160,2,3,2,1),(177,'2020-02-03',10142172,3,5,7,1),(178,'2020-02-03',10142187,3,4,1,3),(179,'2020-02-03',10142290,3,6,4,3),(180,'2020-02-03',10142983,4,2,2,2),(181,'2020-02-03',10143519,3,1,8,3),(182,'2020-02-03',10143580,1,4,2,1),(183,'2020-04-15',10142049,2,1,5,3),(184,'2020-04-15',10142196,1,1,8,1),(185,'2020-04-15',10142328,3,5,8,3),(186,'2020-04-15',10142647,4,5,2,2),(187,'2020-04-15',10142686,1,4,1,3),(188,'2020-04-15',10143139,3,4,4,2),(189,'2020-03-06',10141720,1,4,2,3),(190,'2020-03-06',10142356,1,3,5,1),(191,'2020-03-06',10142374,2,4,3,2),(192,'2020-03-06',10142383,3,5,6,2),(193,'2020-03-06',10142784,2,3,1,2),(194,'2020-03-06',10143583,3,5,5,2),(195,'2020-04-10',10141515,4,2,4,2),(196,'2020-04-10',10142323,3,1,2,3),(197,'2020-04-10',10142405,4,1,1,3),(198,'2020-04-10',10143136,3,5,3,1),(199,'2020-05-05',10141767,3,2,3,1),(200,'2020-05-05',10141866,2,1,4,2),(201,'2020-05-05',10141937,4,2,3,1),(202,'2020-05-05',10142676,3,2,8,2),(203,'2020-05-05',10142739,3,2,3,3),(204,'2020-05-05',10143291,4,6,5,1),(205,'2020-11-08',10141509,1,2,5,3),(206,'2020-11-08',10142233,1,2,1,1),(207,'2020-11-08',10142448,1,4,6,1),(208,'2020-11-08',10142741,3,4,6,1),(209,'2020-11-08',10142786,3,3,6,2),(210,'2020-11-08',10142791,1,5,5,1),(211,'2020-11-08',10142968,2,3,2,3),(212,'2020-09-27',10141610,4,5,3,1),(213,'2020-09-27',10141776,4,3,2,1),(214,'2020-09-27',10141929,2,1,6,2),(215,'2020-09-27',10142308,3,6,4,1),(216,'2020-09-27',10142404,2,4,4,2),(217,'2020-09-27',10142483,3,1,4,2),(218,'2020-09-27',10143091,4,6,5,1),(219,'2020-09-27',10143285,4,4,7,2),(220,'2020-12-18',10141542,3,3,3,1),(221,'2020-12-18',10141685,1,4,7,3),(222,'2020-12-18',10141726,3,4,7,1),(223,'2020-12-18',10141759,3,2,2,2),(224,'2020-12-18',10142077,4,2,3,2),(225,'2020-12-18',10142124,4,1,2,3),(226,'2020-12-18',10143353,3,5,5,1),(227,'2020-06-03',10141699,2,4,2,2),(228,'2020-06-03',10141771,3,6,7,1),(229,'2020-06-03',10142758,3,3,6,2),(230,'2020-06-03',10142903,1,3,7,1),(231,'2020-06-03',10143342,3,4,4,2),(232,'2020-05-18',10142188,3,1,7,2),(233,'2020-05-18',10142197,3,2,2,1),(234,'2020-05-18',10142528,1,5,1,1),(235,'2020-05-18',10142566,2,5,4,1),(236,'2020-05-18',10143335,1,4,8,1),(237,'2020-05-18',10143392,3,1,1,1),(238,'2020-05-18',10143471,2,1,2,1),(239,'2020-05-18',10143563,3,5,1,2),(240,'2020-09-19',10141575,4,2,1,1),(241,'2020-09-19',10141714,1,5,8,3),(242,'2020-09-19',10141890,3,3,2,1),(243,'2020-09-19',10142516,3,4,8,2),(244,'2020-09-19',10143546,3,3,4,1),(245,'2020-01-28',10142051,4,3,8,3),(246,'2020-01-28',10142540,3,1,1,1),(247,'2020-01-28',10143157,4,5,7,1),(248,'2020-01-28',10143276,1,3,5,1),(249,'2020-04-07',10141825,3,4,1,3),(250,'2020-04-07',10142067,3,5,4,3),(251,'2020-04-07',10142797,1,5,1,2),(252,'2020-04-07',10142920,2,1,6,2),(253,'2020-04-07',10143090,4,6,2,3),(254,'2020-04-07',10143385,3,1,5,3),(255,'2020-04-07',10143441,2,4,6,2),(256,'2020-03-29',10142212,3,3,6,2),(257,'2020-03-29',10142399,2,6,5,3),(258,'2020-03-29',10142501,2,1,8,3),(259,'2020-03-29',10142980,2,3,1,3),(260,'2020-03-29',10143192,3,6,7,2),(261,'2020-03-29',10143207,1,6,4,3),(262,'2020-09-23',10141882,4,3,4,3),(263,'2020-09-23',10142150,3,4,7,1),(264,'2020-09-23',10142812,1,2,7,2),(265,'2020-09-23',10142845,4,3,7,3),(266,'2020-09-23',10142912,2,5,7,1),(267,'2020-09-23',10142992,3,6,8,3),(268,'2020-09-23',10143007,4,2,7,2),(269,'2020-09-23',10143206,2,3,5,3),(270,'2020-09-23',10143272,2,6,3,2),(271,'2020-09-23',10143361,1,1,2,3),(272,'2020-09-13',10141774,3,1,8,1),(273,'2020-09-13',10142130,3,6,5,2),(274,'2020-09-13',10142422,4,6,6,2),(275,'2020-09-13',10142604,3,3,3,1),(276,'2020-09-13',10142609,3,5,7,1),(277,'2020-09-13',10142744,4,1,1,2),(278,'2020-09-13',10142872,2,3,6,1),(279,'2020-09-13',10142917,1,6,2,2),(280,'2020-09-13',10142950,4,6,3,1),(281,'2020-09-07',10141748,1,4,1,3),(282,'2020-09-07',10141951,1,4,4,1),(283,'2020-09-07',10142327,1,3,3,1),(284,'2020-09-07',10142900,1,3,3,2),(285,'2020-09-07',10143043,1,5,7,2),(286,'2020-09-07',10143275,4,5,2,1),(287,'2020-09-07',10143411,3,6,2,3),(288,'2020-09-07',10143499,2,3,2,2),(289,'2020-09-07',10143515,3,6,1,1),(290,'2020-12-29',10141538,4,4,5,3),(291,'2020-12-29',10141656,1,2,1,2),(292,'2020-12-29',10141778,2,1,4,3),(293,'2020-12-29',10142003,4,1,6,3),(294,'2020-12-29',10142040,1,2,8,2),(295,'2020-12-29',10142621,4,6,8,2),(296,'2020-12-29',10142663,3,3,5,3),(297,'2020-06-27',10142016,3,5,3,2),(298,'2020-06-27',10142351,1,1,1,1),(299,'2020-06-27',10142634,3,6,4,2),(300,'2020-06-27',10143238,2,1,4,1),(301,'2020-06-14',10141531,2,3,4,3),(302,'2020-06-14',10141746,4,5,2,3),(303,'2020-06-14',10142316,2,5,6,3),(304,'2020-06-14',10142349,1,4,3,1),(305,'2020-06-14',10142806,1,5,3,1),(306,'2020-06-14',10142875,3,2,6,1),(307,'2020-06-14',10143362,1,4,7,3),(308,'2020-07-29',10141956,1,2,3,1),(309,'2020-07-29',10142173,3,5,3,2),(310,'2020-07-29',10142238,1,5,3,2),(311,'2020-07-29',10142551,2,4,8,3),(312,'2020-07-29',10142779,4,1,7,3),(313,'2020-07-29',10143261,1,3,5,3),(314,'2020-02-11',10142109,1,4,7,3),(315,'2020-02-11',10142521,4,3,1,1),(316,'2020-02-11',10143134,1,6,4,3),(317,'2020-02-11',10143180,1,2,4,3),(318,'2020-02-11',10143314,3,1,8,1),(319,'2020-02-11',10143433,1,6,6,2),(320,'2020-06-13',10141886,1,1,3,1),(321,'2020-06-13',10142532,3,2,2,3),(322,'2020-06-13',10142564,1,1,5,2),(323,'2020-06-13',10142753,2,5,4,2),(324,'2020-06-13',10143334,4,6,3,3),(325,'2020-04-08',10141723,4,1,1,2),(326,'2020-04-08',10141936,4,3,7,3),(327,'2020-04-08',10142075,3,5,5,2),(328,'2020-04-08',10142086,4,4,7,2),(329,'2020-04-08',10142809,3,5,5,2),(330,'2020-12-05',10141737,4,1,3,3),(331,'2020-12-05',10142098,3,3,2,3),(332,'2020-12-05',10143084,3,5,1,1),(333,'2020-12-05',10143171,2,4,5,1),(334,'2020-09-26',10142547,4,5,6,3),(335,'2020-09-26',10142645,3,3,2,3),(336,'2020-09-26',10143269,3,3,1,1),(337,'2020-09-26',10143297,1,6,4,3),(338,'2020-09-26',10143406,1,5,2,2),(339,'2020-09-26',10143431,2,2,4,2),(340,'2020-12-19',10141876,3,6,5,1),(341,'2020-12-19',10141899,3,3,3,2),(342,'2020-12-19',10143110,3,5,1,2),(343,'2020-12-19',10143158,3,5,6,3),(344,'2020-12-19',10143159,1,4,6,3),(345,'2020-04-17',10141612,1,3,4,3),(346,'2020-04-17',10141844,4,4,1,3),(347,'2020-04-17',10142214,1,1,6,2),(348,'2020-04-17',10142439,1,5,2,1),(349,'2020-04-17',10142479,3,4,5,3),(350,'2020-04-17',10142608,3,3,6,1),(351,'2020-04-17',10143006,3,2,6,2),(352,'2020-04-17',10143125,3,4,3,1),(353,'2020-04-17',10143186,4,4,8,2),(354,'2020-04-17',10143545,3,5,5,2),(355,'2020-02-01',10142253,3,4,6,2),(356,'2020-02-01',10142335,3,1,4,3),(357,'2020-02-01',10142369,3,1,6,1),(358,'2020-02-01',10142511,1,6,6,3),(359,'2020-02-01',10143436,1,4,2,2),(360,'2020-07-19',10141548,4,3,4,3),(361,'2020-07-19',10141924,3,3,2,2),(362,'2020-07-19',10142081,4,3,6,3),(363,'2020-07-19',10142438,4,4,6,1),(364,'2020-07-19',10142613,3,1,8,2),(365,'2020-07-19',10143212,1,2,3,2),(366,'2020-07-19',10143605,3,6,5,2),(367,'2020-08-10',10142037,3,1,8,2),(368,'2020-08-10',10142592,2,2,5,3),(369,'2020-08-10',10143378,4,2,2,2),(370,'2020-08-10',10143442,4,6,4,3),(371,'2020-06-30',10141892,2,1,3,1),(372,'2020-06-30',10142729,2,6,4,1),(373,'2020-06-30',10143132,3,3,8,1),(374,'2020-06-30',10143278,3,2,1,1),(375,'2020-06-30',10143489,3,3,7,3),(376,'2020-12-28',10141763,3,2,1,2),(377,'2020-12-28',10142046,3,5,2,2),(378,'2020-12-28',10142408,4,5,2,1),(379,'2020-12-28',10142576,2,2,3,2),(380,'2020-12-28',10142819,1,6,8,2),(381,'2020-12-28',10143087,3,1,5,3),(382,'2020-12-28',10143464,2,3,8,1),(383,'2020-04-18',10141777,4,2,1,2),(384,'2020-04-18',10141893,1,3,7,3),(385,'2020-04-18',10142703,1,6,8,3),(386,'2020-04-18',10142794,3,3,4,2),(387,'2020-04-18',10143017,4,6,1,3),(388,'2020-04-18',10143196,2,6,8,2),(389,'2020-04-18',10143204,3,3,6,1),(390,'2020-12-17',10141928,4,5,3,2),(391,'2020-12-17',10142254,3,2,4,3),(392,'2020-12-17',10142505,3,3,6,3),(393,'2020-06-11',10142636,4,2,6,1),(394,'2020-06-11',10142804,3,2,2,3),(395,'2020-06-11',10143008,4,1,1,2),(396,'2020-06-11',10143265,2,6,4,1),(397,'2020-07-11',10141527,1,2,8,2),(398,'2020-07-11',10142256,3,2,2,2),(399,'2020-07-11',10142817,3,5,2,3),(400,'2020-07-11',10143268,3,4,6,2),(401,'2020-05-12',10141773,2,1,6,1),(402,'2020-05-12',10142073,4,2,4,1),(403,'2020-05-12',10142381,3,6,8,1),(404,'2020-05-12',10142546,3,6,6,3),(405,'2020-05-12',10142742,4,4,3,3),(406,'2020-05-12',10143593,1,4,7,2),(407,'2020-05-15',10142108,3,5,2,3),(408,'2020-05-15',10142332,1,6,3,2),(409,'2020-05-15',10142696,3,5,3,3),(410,'2020-05-15',10142810,3,1,7,2),(411,'2020-05-15',10143011,4,6,1,2),(412,'2020-05-15',10143203,4,4,7,2),(413,'2020-01-07',10141745,4,1,4,3),(414,'2020-01-07',10141826,1,5,2,2),(415,'2020-01-07',10142330,3,5,5,2),(416,'2020-01-07',10142711,4,2,5,2),(417,'2020-01-07',10143397,1,4,3,1),(418,'2020-09-08',10141576,3,5,5,1),(419,'2020-09-08',10141803,3,4,6,1),(420,'2020-09-08',10142010,3,2,7,2),(421,'2020-09-08',10142014,2,1,5,2),(422,'2020-09-08',10142767,1,6,4,3),(423,'2020-04-11',10141536,4,3,2,1),(424,'2020-04-11',10141654,4,1,5,1),(425,'2020-04-11',10141871,1,6,6,2),(426,'2020-04-11',10141997,3,3,7,3),(427,'2020-04-11',10142139,4,3,1,1),(428,'2020-04-11',10142695,4,5,1,1),(429,'2020-04-11',10142930,2,3,3,3),(430,'2020-04-11',10143257,3,1,3,1),(431,'2020-04-11',10143567,3,3,7,2),(432,'2020-01-17',10141582,3,4,8,2),(433,'2020-01-17',10142028,3,1,1,3),(434,'2020-01-17',10142452,2,3,4,1),(435,'2020-01-17',10143075,3,2,7,2),(436,'2020-01-17',10143273,3,5,4,3),(437,'2020-01-17',10143371,3,6,7,2),(438,'2020-04-25',10141635,4,1,3,3),(439,'2020-04-25',10142131,3,1,5,3),(440,'2020-04-25',10143603,4,4,2,3),(441,'2020-03-20',10141869,3,6,7,3),(442,'2020-03-20',10141959,3,5,1,3),(443,'2020-03-20',10141967,1,6,6,1),(444,'2020-03-20',10142136,3,1,8,2),(445,'2020-03-20',10142504,3,4,2,2),(446,'2020-04-02',10141514,2,1,7,2),(447,'2020-04-02',10141661,1,3,1,1),(448,'2020-04-02',10142326,3,6,2,2),(449,'2020-04-02',10142648,3,4,6,2),(450,'2020-01-10',10141521,3,1,7,1),(451,'2020-01-10',10141653,2,1,2,3),(452,'2020-01-10',10142206,4,1,5,3),(453,'2020-01-10',10142556,3,2,8,3),(454,'2020-01-10',10142828,3,4,5,3),(455,'2020-01-10',10143119,3,4,7,1),(456,'2020-01-10',10143472,1,6,5,2),(457,'2020-09-28',10141716,2,6,1,3),(458,'2020-09-28',10142353,3,2,8,1),(459,'2020-09-28',10142376,3,3,7,3),(460,'2020-09-28',10142740,3,1,3,2),(461,'2020-09-28',10142878,4,4,6,1),(462,'2020-09-28',10142897,3,4,8,3),(463,'2020-08-08',10141555,1,1,8,2),(464,'2020-08-08',10141689,3,2,4,1),(465,'2020-08-08',10141722,2,1,5,1),(466,'2020-08-08',10142274,1,6,8,1),(467,'2020-08-08',10142287,4,6,3,2),(468,'2020-08-08',10142358,3,5,1,2),(469,'2020-08-08',10142760,3,4,7,2),(470,'2020-08-08',10143280,3,3,1,3),(471,'2020-08-08',10143358,1,1,4,3),(472,'2020-08-08',10143390,3,4,5,3),(473,'2020-08-08',10143555,1,2,4,3),(474,'2020-08-08',10143557,2,6,1,1),(475,'2020-08-08',10143623,3,5,1,2),(476,'2020-12-08',10141665,4,2,1,2),(477,'2020-12-08',10142158,3,6,6,3),(478,'2020-12-08',10142223,3,3,2,2),(479,'2020-12-08',10142492,1,3,8,2),(480,'2020-12-08',10142708,1,6,5,2),(481,'2020-12-08',10142762,3,4,5,3),(482,'2020-12-08',10143047,2,3,5,1),(483,'2020-12-08',10143188,3,1,3,1),(484,'2020-12-08',10143370,4,5,8,1),(485,'2020-07-26',10141561,2,1,2,3),(486,'2020-07-26',10141655,1,1,5,3),(487,'2020-07-26',10142103,4,5,6,2),(488,'2020-07-26',10142298,3,4,8,3),(489,'2020-07-26',10142707,2,4,2,2),(490,'2020-07-26',10142798,3,5,3,2),(491,'2020-07-26',10142966,2,1,7,1),(492,'2020-07-26',10143144,4,2,5,3),(493,'2020-06-26',10142144,1,5,5,3),(494,'2020-06-26',10142624,2,3,5,1),(495,'2020-06-26',10142942,2,5,2,3),(496,'2020-06-26',10143263,1,3,4,1),(497,'2020-03-04',10141620,1,1,7,3),(498,'2020-03-04',10141917,4,4,8,3),(499,'2020-03-04',10142333,3,4,8,3),(500,'2020-03-04',10142460,4,2,7,1),(501,'2020-03-04',10142506,4,2,3,2),(502,'2020-03-04',10142998,3,2,5,2),(503,'2020-03-04',10143330,4,5,6,1),(504,'2020-01-20',10141580,3,4,2,3),(505,'2020-01-20',10142357,4,3,7,1),(506,'2020-01-20',10142737,1,2,6,2),(507,'2020-01-20',10142792,2,6,3,3),(508,'2020-01-20',10143033,1,4,3,2),(509,'2020-01-20',10143228,3,2,5,2),(510,'2020-01-20',10143240,2,6,2,2),(511,'2020-12-22',10142127,4,3,8,1),(512,'2020-12-22',10142161,3,1,5,1),(513,'2020-12-22',10142893,2,3,1,3),(514,'2020-12-22',10142977,2,1,4,2),(515,'2020-12-22',10143062,3,2,3,1),(516,'2020-12-22',10143142,1,2,1,1),(517,'2020-12-22',10143227,1,6,5,3),(518,'2020-01-05',10141877,2,5,3,2),(519,'2020-01-05',10142310,1,1,5,3),(520,'2020-01-05',10142471,4,3,5,1),(521,'2020-01-05',10142597,3,3,8,1),(522,'2020-01-05',10143070,4,3,8,1),(523,'2020-01-05',10143526,4,6,5,1),(524,'2020-03-14',10141683,3,1,5,3),(525,'2020-03-14',10141850,2,3,6,1),(526,'2020-03-14',10142062,3,1,1,3),(527,'2020-03-14',10142430,2,6,2,3),(528,'2020-03-14',10142484,3,4,8,1),(529,'2020-03-14',10142541,4,1,2,1),(530,'2020-03-14',10142680,3,1,4,2),(531,'2020-03-14',10143523,2,5,3,1),(532,'2020-11-24',10141562,2,6,5,3),(533,'2020-11-24',10141879,2,6,5,2),(534,'2020-11-24',10141915,1,5,3,2),(535,'2020-11-24',10141992,3,2,6,2),(536,'2020-11-24',10142240,2,2,8,2),(537,'2020-11-24',10142821,3,4,5,2),(538,'2020-11-24',10142840,1,3,2,1),(539,'2020-11-24',10142965,3,4,7,3),(540,'2020-11-24',10143527,2,4,5,2),(541,'2020-11-24',10143568,1,5,8,1),(542,'2020-11-24',10143599,4,3,6,1),(543,'2020-03-31',10141614,4,6,6,1),(544,'2020-03-31',10141690,1,1,1,3),(545,'2020-03-31',10142482,2,6,3,1),(546,'2020-03-31',10143021,3,3,2,3),(547,'2020-03-31',10143155,4,1,7,1),(548,'2020-03-31',10143317,3,5,5,1),(549,'2020-03-31',10143404,3,4,1,3),(550,'2020-03-31',10143620,1,5,8,2),(551,'2020-08-19',10141711,3,6,5,3),(552,'2020-08-19',10142038,1,1,6,2),(553,'2020-08-19',10142217,3,1,4,1),(554,'2020-08-19',10142251,3,4,2,2),(555,'2020-08-19',10142436,2,6,7,2),(556,'2020-08-19',10142719,4,3,2,2),(557,'2020-08-19',10142764,3,5,3,2),(558,'2020-07-24',10141693,2,6,6,3),(559,'2020-07-24',10142263,3,6,1,1),(560,'2020-07-24',10142343,3,4,8,2),(561,'2020-07-24',10143023,1,1,5,1),(562,'2020-07-24',10143244,3,3,2,1),(563,'2020-07-24',10143341,1,2,2,1),(564,'2020-07-24',10143502,2,1,2,3),(565,'2020-01-06',10141671,3,5,5,3),(566,'2020-01-06',10142969,3,6,6,2),(567,'2020-01-06',10143233,2,1,3,3),(568,'2020-08-24',10141524,3,5,1,1),(569,'2020-08-24',10141633,4,5,4,3),(570,'2020-08-24',10142293,4,6,2,3),(571,'2020-08-24',10143602,2,4,7,1),(572,'2020-05-10',10141516,1,3,7,1),(573,'2020-05-10',10141828,2,3,2,1),(574,'2020-05-10',10142102,3,3,1,3),(575,'2020-05-10',10142637,3,5,1,1),(576,'2020-05-10',10143242,4,5,8,1),(577,'2020-06-12',10142420,3,3,4,2),(578,'2020-06-12',10143175,3,1,4,1),(579,'2020-01-14',10141822,3,6,6,3),(580,'2020-01-14',10142560,1,1,8,1),(581,'2020-01-14',10142562,3,2,4,3),(582,'2020-01-14',10142773,3,4,6,3),(583,'2020-01-14',10142931,2,6,4,1),(584,'2020-01-14',10143028,3,4,1,1),(585,'2020-01-14',10143140,3,2,7,1),(586,'2020-01-14',10143199,3,5,4,3),(587,'2020-05-19',10141537,3,6,6,2),(588,'2020-05-19',10142913,1,5,2,3),(589,'2020-05-19',10143001,3,5,4,3),(590,'2020-05-19',10143061,4,2,8,3),(591,'2020-05-19',10143118,2,5,4,2),(592,'2020-05-19',10143130,4,4,3,1),(593,'2020-03-18',10141798,3,4,7,3),(594,'2020-03-18',10141941,1,4,8,2),(595,'2020-03-18',10143372,3,6,2,2),(596,'2020-03-18',10143402,1,1,3,3),(597,'2020-09-15',10141894,2,1,1,2),(598,'2020-09-15',10141991,4,5,1,3),(599,'2020-09-15',10142085,3,1,8,1),(600,'2020-09-15',10142389,3,3,6,3),(601,'2020-09-15',10142752,3,6,2,3),(602,'2020-09-15',10143022,3,4,7,1),(603,'2020-09-15',10143117,2,6,3,1),(604,'2020-09-15',10143456,1,5,6,2),(605,'2020-09-15',10143544,1,2,1,2),(606,'2020-05-16',10142115,4,2,8,2),(607,'2020-05-16',10142749,1,4,2,2),(608,'2020-05-16',10142972,3,3,5,1),(609,'2020-05-16',10143610,3,4,7,2),(610,'2020-09-10',10141613,3,1,8,2),(611,'2020-09-10',10141919,3,1,5,2),(612,'2020-09-10',10141925,1,2,7,2),(613,'2020-09-10',10141970,4,6,7,1),(614,'2020-09-10',10142167,3,1,4,2),(615,'2020-09-10',10142191,1,5,8,2),(616,'2020-09-10',10142441,3,6,2,2),(617,'2020-09-10',10142514,4,4,5,1),(618,'2020-09-10',10143201,4,3,2,3),(619,'2020-09-10',10143552,3,2,4,2),(620,'2020-11-26',10142402,3,2,1,2),(621,'2020-11-26',10142440,2,3,7,3),(622,'2020-11-26',10142775,2,4,3,3),(623,'2020-11-26',10142801,4,1,3,2),(624,'2020-11-26',10143165,3,1,5,3),(625,'2020-10-12',10142071,3,2,5,2),(626,'2020-10-12',10143000,4,3,1,2),(627,'2020-10-12',10143304,2,1,5,1),(628,'2020-02-26',10143025,4,2,8,3),(629,'2020-02-26',10143301,1,1,3,2),(630,'2020-01-23',10141772,2,5,3,2),(631,'2020-01-23',10141947,1,1,2,2),(632,'2020-01-23',10142106,2,4,2,1),(633,'2020-01-23',10142269,4,5,1,2),(634,'2020-01-23',10142525,4,6,6,2),(635,'2020-01-23',10143277,4,6,4,3),(636,'2020-08-22',10141535,4,5,7,3),(637,'2020-08-22',10142449,4,1,5,2),(638,'2020-08-22',10142735,1,4,8,2),(639,'2020-08-22',10143016,2,3,1,2),(640,'2020-08-22',10143094,2,3,2,3),(641,'2020-08-22',10143232,2,5,8,3),(642,'2020-07-04',10141646,2,2,2,1),(643,'2020-07-04',10141794,2,4,7,1),(644,'2020-07-04',10141954,2,5,5,3),(645,'2020-07-04',10142100,2,4,2,3),(646,'2020-07-04',10142129,1,4,5,1),(647,'2020-07-04',10142800,4,6,5,2),(648,'2020-07-04',10143147,4,1,3,3),(649,'2020-07-04',10143574,3,2,5,1),(650,'2020-02-18',10143398,4,2,3,1),(651,'2020-12-31',10142416,3,1,3,1),(652,'2020-12-31',10142475,1,4,1,3),(653,'2020-12-31',10142522,1,1,1,2),(654,'2020-12-31',10142881,3,5,7,1),(655,'2020-12-31',10143184,2,5,3,3),(656,'2020-12-31',10143307,2,5,3,2),(657,'2020-06-22',10142035,3,1,4,3),(658,'2020-06-22',10142774,4,4,7,2),(659,'2020-06-22',10143401,3,3,2,1),(660,'2020-06-22',10143550,3,5,4,3),(661,'2020-06-22',10143601,2,1,6,1),(662,'2020-06-22',10143622,3,1,3,1),(663,'2020-06-22',10143625,3,4,4,3),(664,'2020-11-22',10142005,4,6,3,3),(665,'2020-11-22',10142480,1,4,8,1),(666,'2020-11-22',10142955,2,3,2,2),(667,'2020-11-22',10143281,3,3,8,2),(668,'2020-11-22',10143585,4,3,8,2),(669,'2020-06-04',10141532,1,2,5,2),(670,'2020-06-04',10141563,4,3,1,1),(671,'2020-06-04',10141658,3,3,2,2),(672,'2020-06-04',10142121,3,4,6,1),(673,'2020-06-04',10142491,4,2,3,3),(674,'2020-06-04',10142639,4,5,2,2),(675,'2020-06-04',10142716,3,2,5,3),(676,'2020-06-04',10142887,3,4,4,2),(677,'2020-06-04',10142926,3,5,7,3),(678,'2020-06-04',10143321,3,3,7,3),(679,'2020-06-04',10143403,1,3,3,3),(680,'2020-06-04',10143491,1,5,6,1),(681,'2020-06-09',10142125,1,2,6,2),(682,'2020-06-09',10142378,4,6,4,2),(683,'2020-06-09',10142495,3,6,1,3),(684,'2020-06-09',10142543,2,2,7,2),(685,'2020-06-09',10143468,4,1,8,1),(686,'2020-02-07',10141564,3,3,5,2),(687,'2020-02-07',10142270,1,6,1,3),(688,'2020-02-07',10143508,3,2,4,1),(689,'2020-02-07',10143556,3,1,1,3),(690,'2020-03-21',10141643,2,2,5,1),(691,'2020-03-21',10141865,1,4,6,3),(692,'2020-03-21',10141989,3,4,1,1),(693,'2020-03-21',10142013,2,2,8,2),(694,'2020-03-21',10142222,3,5,7,2),(695,'2020-03-21',10142318,2,1,8,2),(696,'2020-03-21',10142347,2,6,6,1),(697,'2020-03-21',10142550,2,6,7,1),(698,'2020-03-21',10142864,4,6,6,1),(699,'2020-03-21',10142982,3,3,4,3),(700,'2020-04-09',10141845,1,1,1,1),(701,'2020-04-09',10141952,4,3,8,2),(702,'2020-04-09',10142693,3,4,7,3),(703,'2020-01-13',10141518,2,2,5,1),(704,'2020-01-13',10142083,3,2,4,2),(705,'2020-01-13',10142537,4,1,2,3),(706,'2020-01-13',10142628,3,6,5,2),(707,'2020-01-13',10142815,4,4,4,3),(708,'2020-01-13',10142923,4,3,7,3),(709,'2020-06-15',10141983,3,2,4,1),(710,'2020-06-15',10142070,3,5,2,1),(711,'2020-06-15',10142538,1,6,2,3),(712,'2020-06-15',10142793,4,1,4,3),(713,'2020-06-15',10143035,1,1,5,2),(714,'2020-06-15',10143236,1,5,2,1),(715,'2020-06-15',10143352,3,6,8,1),(716,'2020-06-15',10143355,3,5,6,1),(717,'2020-07-03',10141884,1,1,4,1),(718,'2020-07-03',10141920,3,4,7,1),(719,'2020-07-03',10142076,1,3,7,3),(720,'2020-01-21',10141799,3,5,3,3),(721,'2020-01-21',10142117,4,5,4,1),(722,'2020-01-21',10142380,1,3,2,3),(723,'2020-01-21',10142559,1,1,6,1),(724,'2020-01-21',10142921,3,1,4,2),(725,'2020-01-21',10143421,2,2,4,1),(726,'2020-01-21',10143553,1,4,1,3),(727,'2020-01-22',10141650,3,2,6,3),(728,'2020-01-22',10142470,3,2,8,1),(729,'2020-01-22',10142508,2,1,2,3),(730,'2020-01-22',10143046,2,1,2,1),(731,'2020-01-22',10143133,4,1,1,3),(732,'2020-01-22',10143543,1,6,2,1),(733,'2020-03-13',10141730,2,5,8,1),(734,'2020-03-13',10141809,1,1,3,3),(735,'2020-03-13',10142523,4,2,6,3),(736,'2020-03-13',10142570,2,5,1,2),(737,'2020-03-13',10142732,3,1,4,3),(738,'2020-03-13',10143100,4,5,5,3),(739,'2020-03-13',10143287,4,3,4,2),(740,'2020-03-13',10143410,4,1,5,1),(741,'2020-03-13',10143485,3,3,5,2),(742,'2020-03-13',10143510,1,4,7,1),(743,'2020-03-13',10143554,1,1,5,3),(744,'2020-06-21',10141595,3,3,8,3),(745,'2020-06-21',10142574,3,4,7,1),(746,'2020-06-21',10142679,3,3,2,2),(747,'2020-06-21',10142945,3,6,5,3),(748,'2020-06-21',10143020,3,3,2,3),(749,'2020-06-21',10143069,3,3,8,1),(750,'2020-06-21',10143107,3,1,4,3),(751,'2020-06-21',10143393,1,4,4,1),(752,'2020-01-04',10141570,2,1,5,3),(753,'2020-01-04',10141851,3,4,8,2),(754,'2020-01-04',10141938,3,4,2,2),(755,'2020-01-04',10142733,2,1,3,3),(756,'2020-01-04',10142851,3,5,4,1),(757,'2020-01-04',10142941,3,6,1,3),(758,'2020-01-04',10143484,3,4,4,2),(759,'2020-06-07',10142472,2,3,8,3),(760,'2020-06-07',10142509,1,2,8,3),(761,'2020-06-07',10142778,3,2,3,1),(762,'2020-06-07',10143486,4,4,4,2),(763,'2020-07-23',10141814,2,5,5,3),(764,'2020-07-23',10142342,2,5,6,2),(765,'2020-07-23',10142862,4,3,8,2),(766,'2020-07-23',10143329,3,6,3,3),(767,'2020-07-23',10143394,3,5,3,3),(768,'2020-11-04',10142025,4,6,7,1),(769,'2020-11-04',10142456,2,4,8,1),(770,'2020-11-04',10143465,3,4,7,3),(771,'2020-12-30',10141560,2,4,8,3),(772,'2020-12-30',10142072,1,5,2,1),(773,'2020-12-30',10142286,1,5,5,2),(774,'2020-12-30',10142466,4,3,1,3),(775,'2020-12-30',10143067,1,1,6,3),(776,'2020-12-30',10143595,2,4,3,1),(777,'2020-10-26',10141904,3,6,6,1),(778,'2020-10-26',10142747,3,1,7,3),(779,'2020-10-26',10143029,3,5,4,1),(780,'2020-10-26',10143357,2,6,1,2),(781,'2020-08-20',10141684,2,3,2,3),(782,'2020-08-20',10143053,4,1,2,2),(783,'2020-02-21',10141587,3,3,1,1),(784,'2020-02-21',10141630,2,3,6,2),(785,'2020-02-21',10142002,3,6,8,2),(786,'2020-02-21',10142503,3,2,3,2),(787,'2020-02-21',10142625,1,2,3,3),(788,'2020-02-21',10142961,4,1,4,1),(789,'2020-02-21',10143252,3,1,6,3),(790,'2020-02-21',10143356,2,1,1,2),(791,'2020-02-21',10143400,4,6,5,3),(792,'2020-02-21',10143512,2,1,5,1),(793,'2020-10-09',10141606,1,3,3,1),(794,'2020-10-09',10141691,3,5,2,2),(795,'2020-10-09',10141902,4,4,6,2),(796,'2020-10-09',10142228,2,4,2,1),(797,'2020-10-09',10142619,3,1,4,2),(798,'2020-10-09',10142916,1,5,2,1),(799,'2020-10-09',10143295,3,3,8,2),(800,'2020-10-09',10143346,1,1,3,2),(801,'2020-10-09',10143619,4,1,1,2),(802,'2020-02-28',10142134,4,4,5,3),(803,'2020-02-28',10143055,4,1,3,1),(804,'2020-02-28',10143458,3,2,8,2),(805,'2020-02-28',10143476,1,5,3,1),(806,'2020-02-28',10143482,4,1,7,2),(807,'2020-02-28',10143507,4,3,3,3),(808,'2020-02-28',10143586,3,1,4,3),(809,'2020-07-25',10141907,3,1,2,1),(810,'2020-07-25',10142008,1,4,2,2),(811,'2020-07-25',10142177,4,1,2,2),(812,'2020-07-25',10142295,3,3,5,1),(813,'2020-07-25',10142341,2,5,1,3),(814,'2020-07-25',10142443,2,2,3,1),(815,'2020-07-25',10142734,4,2,6,2),(816,'2020-07-25',10142902,2,2,2,3),(817,'2020-07-25',10143245,4,5,1,3),(818,'2020-08-29',10141964,2,1,7,1),(819,'2020-08-29',10142207,4,5,7,3),(820,'2020-08-29',10142262,4,2,4,3),(821,'2020-08-29',10142304,2,2,5,3),(822,'2020-08-29',10142473,1,6,5,1),(823,'2020-08-29',10142531,3,5,1,3),(824,'2020-08-29',10142573,3,2,4,1),(825,'2020-08-29',10143077,4,1,5,1),(826,'2020-08-29',10143381,1,4,7,2),(827,'2020-08-29',10143594,3,4,5,1),(828,'2020-05-02',10141770,4,4,6,1),(829,'2020-05-02',10142092,3,4,8,3),(830,'2020-05-02',10142600,3,2,1,2),(831,'2020-03-24',10142018,2,2,6,1),(832,'2020-03-24',10142225,1,1,1,1),(833,'2020-03-24',10142297,3,5,7,1),(834,'2020-03-24',10142726,3,2,2,2),(835,'2020-03-24',10143598,3,3,4,2),(836,'2020-10-16',10142644,3,5,8,1),(837,'2020-10-16',10142843,1,3,5,3),(838,'2020-06-23',10141758,3,3,8,1),(839,'2020-06-23',10141901,3,1,2,3),(840,'2020-06-23',10142280,1,3,4,2),(841,'2020-06-23',10143209,3,3,5,3),(842,'2020-12-14',10141578,3,2,3,2),(843,'2020-12-14',10141749,3,2,7,2),(844,'2020-12-14',10142329,3,3,2,2),(845,'2020-12-14',10142344,4,6,7,3),(846,'2020-12-14',10142690,3,4,3,1),(847,'2020-12-14',10142699,3,2,5,1),(848,'2020-12-14',10142715,1,5,5,1),(849,'2020-03-05',10141830,4,5,1,1),(850,'2020-03-05',10142766,2,3,3,1),(851,'2020-04-22',10141625,2,5,1,1),(852,'2020-04-22',10142068,3,4,5,1),(853,'2020-04-22',10143044,2,1,5,2),(854,'2020-04-22',10143541,4,6,7,3),(855,'2020-04-22',10143596,4,2,1,2),(856,'2020-08-09',10141508,1,3,7,2),(857,'2020-08-09',10141817,2,4,6,1),(858,'2020-08-09',10142030,3,2,2,1),(859,'2020-08-09',10142178,4,2,6,1),(860,'2020-08-09',10143005,2,2,8,3),(861,'2020-08-09',10143564,3,1,2,1),(862,'2020-05-29',10141695,3,3,1,3),(863,'2020-05-29',10141724,2,5,8,1),(864,'2020-05-29',10141740,3,3,5,2),(865,'2020-05-29',10141796,4,2,8,2),(866,'2020-05-29',10141811,1,6,2,3),(867,'2020-05-29',10142891,4,4,5,2),(868,'2020-10-18',10142027,3,5,2,1),(869,'2020-10-18',10142190,4,4,3,3),(870,'2020-10-18',10142350,3,1,3,2),(871,'2020-10-18',10142755,3,1,6,3),(872,'2020-10-18',10143105,3,5,4,1),(873,'2020-10-18',10143116,2,2,7,1),(874,'2020-10-18',10143584,3,4,6,1),(875,'2020-11-05',10141501,2,5,7,1),(876,'2020-11-05',10142417,3,3,8,1),(877,'2020-11-05',10142861,3,4,2,2),(878,'2020-11-05',10143122,1,5,6,1),(879,'2020-11-05',10143522,4,3,6,3),(880,'2020-02-23',10141526,3,3,8,3),(881,'2020-02-23',10141605,4,4,3,2),(882,'2020-02-23',10141609,3,1,2,2),(883,'2020-02-23',10142249,2,6,5,1),(884,'2020-02-23',10142282,3,1,7,2),(885,'2020-02-23',10142602,3,2,3,1),(886,'2020-02-23',10143026,4,3,7,1),(887,'2020-02-23',10143292,3,6,7,3),(888,'2020-05-31',10141721,2,3,8,2),(889,'2020-01-24',10141945,2,4,4,2),(890,'2020-01-24',10142043,4,1,8,2),(891,'2020-01-24',10142519,2,2,8,2),(892,'2020-01-24',10143475,3,6,6,3),(893,'2020-01-24',10143613,3,3,3,3),(894,'2020-10-11',10142321,3,5,3,2),(895,'2020-10-11',10142599,2,4,1,1),(896,'2020-10-11',10142940,4,5,2,3),(897,'2020-10-11',10143504,4,4,7,1),(898,'2020-06-18',10141663,3,4,2,1),(899,'2020-06-18',10142359,1,2,2,1),(900,'2020-06-18',10142366,3,3,1,2),(901,'2020-06-18',10142865,3,1,5,3),(902,'2020-10-20',10142047,2,5,3,2),(903,'2020-10-20',10142239,4,6,1,3),(904,'2020-10-20',10142583,3,4,4,2),(905,'2020-10-20',10142838,3,6,8,1),(906,'2020-10-20',10143101,3,5,8,3),(907,'2020-10-20',10143344,4,4,7,1),(908,'2020-07-30',10141896,2,6,8,2),(909,'2020-07-30',10141905,2,1,1,2),(910,'2020-07-30',10142142,4,1,2,2),(911,'2020-07-30',10142216,3,1,6,2),(912,'2020-07-30',10142423,4,3,8,2),(913,'2020-07-30',10142611,1,5,3,1),(914,'2020-07-30',10143338,1,1,2,1),(915,'2020-07-30',10143548,2,2,4,3),(916,'2020-09-21',10141594,3,6,6,2),(917,'2020-09-21',10142431,1,1,8,3),(918,'2020-09-21',10142837,3,6,2,2),(919,'2020-09-21',10143255,4,5,8,2),(920,'2020-09-21',10143326,2,6,2,2),(921,'2020-09-21',10143366,1,5,3,1),(922,'2020-09-21',10143384,1,5,3,2),(923,'2020-09-21',10143405,3,6,4,3),(924,'2020-09-21',10143452,1,5,6,2),(925,'2020-09-21',10143592,3,5,8,1),(926,'2020-01-19',10141520,2,5,1,3),(927,'2020-01-19',10141747,1,3,6,1),(928,'2020-01-19',10142084,3,6,3,2),(929,'2020-01-19',10142120,1,3,6,2),(930,'2020-01-19',10142175,3,6,4,2),(931,'2020-01-19',10142816,4,6,3,3),(932,'2020-01-19',10143073,2,4,6,2),(933,'2020-01-19',10143079,3,6,2,2),(934,'2020-09-11',10141728,3,4,1,2),(935,'2020-09-11',10142960,4,5,7,1),(936,'2020-09-11',10143039,1,4,6,1),(937,'2020-10-31',10142203,3,4,1,1),(938,'2020-10-31',10142205,2,1,6,2),(939,'2020-10-31',10142220,2,1,2,3),(940,'2020-10-31',10142367,3,1,2,3),(941,'2020-10-31',10142444,4,2,4,2),(942,'2020-10-31',10142459,3,1,6,2),(943,'2020-10-31',10142526,1,6,6,1),(944,'2020-10-31',10142689,4,4,1,3),(945,'2020-10-31',10143063,1,3,7,2),(946,'2020-07-13',10142303,2,1,4,2),(947,'2020-07-13',10142453,2,2,7,2),(948,'2020-07-13',10142825,1,1,6,1),(949,'2020-07-13',10143018,3,3,4,2),(950,'2020-07-13',10143198,1,4,4,3),(951,'2020-07-13',10143418,2,2,6,3),(952,'2020-07-13',10143488,1,1,4,2),(953,'2020-06-20',10141923,1,2,6,1),(954,'2020-06-20',10142292,4,6,5,1),(955,'2020-06-20',10142616,3,4,8,2),(956,'2020-06-20',10142705,4,6,4,1),(957,'2020-06-20',10142796,3,3,2,3),(958,'2020-03-07',10142731,4,3,1,1),(959,'2020-03-07',10142748,2,3,7,1),(960,'2020-03-07',10143167,3,4,5,3),(961,'2020-03-07',10143331,4,5,2,3),(962,'2020-04-30',10141739,4,5,7,3),(963,'2020-04-30',10142419,3,5,8,3),(964,'2020-04-30',10142660,3,2,1,3),(965,'2020-04-30',10142967,1,3,3,3),(966,'2020-04-30',10143305,2,1,4,3),(967,'2020-04-30',10143542,2,1,7,3),(968,'2020-04-30',10143587,1,4,6,2),(969,'2020-08-04',10141533,3,3,2,1),(970,'2020-08-04',10141687,3,4,7,1),(971,'2020-08-04',10142657,2,2,4,3),(972,'2020-02-20',10141790,2,4,1,1),(973,'2020-02-20',10142110,3,6,5,2),(974,'2020-02-20',10142554,3,4,5,3),(975,'2020-02-20',10142688,2,3,5,3),(976,'2020-02-20',10142768,2,2,7,2),(977,'2020-02-20',10143037,2,3,7,2),(978,'2020-02-20',10143057,2,2,5,1),(979,'2020-02-20',10143104,1,6,5,2),(980,'2020-02-20',10143131,3,1,2,2),(981,'2020-04-14',10141818,4,5,8,3),(982,'2020-04-14',10142054,4,2,1,2),(983,'2020-04-14',10142671,4,3,5,3),(984,'2020-04-14',10143137,3,5,5,2),(985,'2020-04-14',10143156,2,6,1,1),(986,'2020-04-14',10143425,1,1,6,3),(987,'2020-10-19',10141506,4,6,1,1),(988,'2020-10-19',10142387,1,5,1,1),(989,'2020-10-19',10142390,3,2,1,3),(990,'2020-10-19',10142487,1,6,2,2),(991,'2020-10-19',10143235,3,5,6,3),(992,'2020-10-19',10143303,3,4,7,2),(993,'2020-10-19',10143417,1,3,8,3),(994,'2020-10-19',10143604,1,2,8,2),(995,'2020-12-04',10142412,3,4,3,2),(996,'2020-12-04',10142999,4,6,2,1),(997,'2020-12-04',10143121,4,4,2,1),(998,'2020-12-04',10143161,1,6,3,2),(999,'2020-12-04',10143195,1,4,2,1),(1000,'2020-06-24',10141669,3,3,1,1),(1001,'2020-06-24',10141960,3,5,2,1),(1002,'2020-06-24',10142182,2,4,7,3),(1003,'2020-06-24',10142248,4,5,3,3),(1004,'2020-06-24',10142880,3,1,6,2),(1005,'2020-06-24',10142949,1,4,2,2),(1006,'2020-06-24',10143243,3,4,2,1),(1007,'2020-06-24',10143332,3,5,1,1),(1008,'2020-06-24',10143540,1,2,7,2),(1009,'2020-06-24',10143576,2,6,8,1),(1010,'2020-10-07',10141545,1,2,3,1),(1011,'2020-10-07',10141569,4,6,2,2),(1012,'2020-10-07',10141842,1,3,5,2),(1013,'2020-10-07',10142451,3,6,1,2),(1014,'2020-10-07',10142763,3,3,6,2),(1015,'2020-10-07',10142986,3,4,3,3),(1016,'2020-10-07',10143148,2,5,8,1),(1017,'2020-02-16',10141853,2,6,8,2),(1018,'2020-02-16',10142140,1,4,1,2),(1019,'2020-02-16',10142166,1,2,7,2),(1020,'2020-02-16',10142669,2,4,2,1),(1021,'2020-02-16',10142765,3,3,1,1),(1022,'2020-02-16',10142936,1,1,1,2),(1023,'2020-02-16',10143226,1,5,8,3),(1024,'2020-07-02',10141732,1,1,6,1),(1025,'2020-07-02',10143220,1,2,3,1),(1026,'2020-07-02',10143506,2,6,7,1),(1027,'2020-02-08',10142186,3,4,4,2),(1028,'2020-02-08',10142497,4,4,5,2),(1029,'2020-02-08',10142587,1,3,7,1),(1030,'2020-02-08',10142652,4,1,5,2),(1031,'2020-02-08',10142655,2,3,3,3),(1032,'2020-02-08',10143056,3,1,5,1),(1033,'2020-12-15',10141588,2,2,3,1),(1034,'2020-12-15',10142745,4,5,8,2),(1035,'2020-01-25',10141792,4,2,1,1),(1036,'2020-01-25',10142112,3,5,8,3),(1037,'2020-01-25',10142388,2,1,4,2),(1038,'2020-01-25',10142876,3,4,1,1),(1039,'2020-01-25',10142990,4,1,4,3),(1040,'2020-01-25',10143163,2,1,5,3),(1041,'2020-01-11',10141942,1,3,3,1),(1042,'2020-01-11',10142080,4,6,5,2),(1043,'2020-01-11',10142218,3,2,7,1),(1044,'2020-01-11',10142782,3,2,7,1),(1045,'2020-01-11',10142939,3,4,5,3),(1046,'2020-01-11',10143031,2,6,3,3),(1047,'2020-01-11',10143579,2,4,6,3),(1048,'2020-01-27',10142023,3,2,5,2),(1049,'2020-01-27',10142061,3,3,6,2),(1050,'2020-01-27',10142545,4,2,6,3),(1051,'2020-01-27',10143092,1,5,6,2),(1052,'2020-01-29',10142588,3,3,7,3),(1053,'2020-01-29',10142976,4,1,2,3),(1054,'2020-01-29',10143146,4,1,2,3),(1055,'2020-01-29',10143154,4,5,8,3),(1056,'2020-01-29',10143323,2,3,6,1),(1057,'2020-10-29',10141618,1,3,8,1),(1058,'2020-10-29',10141889,1,5,8,3),(1059,'2020-10-29',10142235,1,6,5,3),(1060,'2020-10-29',10142807,2,2,8,1),(1061,'2020-10-29',10143036,4,6,5,3),(1062,'2020-10-29',10143575,3,2,6,3),(1063,'2020-09-18',10141717,3,6,4,1),(1064,'2020-09-18',10141918,3,5,6,1),(1065,'2020-09-18',10142237,2,6,5,3),(1066,'2020-09-18',10142320,3,3,4,3),(1067,'2020-09-18',10142500,4,5,1,2),(1068,'2020-09-18',10142585,1,3,3,3),(1069,'2020-09-18',10142914,3,6,3,3),(1070,'2020-09-18',10142929,1,6,7,2),(1071,'2020-09-18',10143337,1,3,5,2),(1072,'2020-09-18',10143413,4,6,4,2),(1073,'2020-04-23',10141583,2,3,7,1),(1074,'2020-04-23',10141657,3,1,2,1),(1075,'2020-04-23',10141793,2,5,6,3),(1076,'2020-04-23',10142364,3,4,7,2),(1077,'2020-04-23',10142879,4,4,7,2),(1078,'2020-04-23',10142892,2,6,4,3),(1079,'2020-04-23',10143407,3,3,2,1),(1080,'2020-04-23',10143591,1,3,8,2),(1081,'2020-07-27',10141505,4,5,6,3),(1082,'2020-07-27',10141640,3,4,5,2),(1083,'2020-07-27',10142580,4,4,2,2),(1084,'2020-07-27',10142603,3,1,6,3),(1085,'2020-07-27',10142915,4,5,1,3),(1086,'2020-06-16',10141608,3,5,2,3),(1087,'2020-06-16',10141815,2,5,4,2),(1088,'2020-06-16',10141962,4,2,5,3),(1089,'2020-06-16',10142137,4,4,7,1),(1090,'2020-06-16',10142275,4,4,6,2),(1091,'2020-06-16',10142315,3,6,7,3),(1092,'2020-06-16',10142818,1,1,5,2),(1093,'2020-06-16',10142993,3,4,7,1),(1094,'2020-06-16',10143454,2,6,3,3),(1095,'2020-08-30',10141802,4,4,1,3),(1096,'2020-11-27',10141986,3,6,3,1),(1097,'2020-11-27',10142442,3,1,8,1),(1098,'2020-11-27',10142922,3,4,5,2),(1099,'2020-11-27',10143030,1,6,8,1),(1100,'2020-11-27',10143138,4,4,6,2),(1101,'2020-11-27',10143217,2,5,3,2),(1102,'2020-11-27',10143311,1,3,1,1),(1103,'2020-11-27',10143419,1,4,2,2),(1104,'2020-05-04',10142289,3,1,4,3),(1105,'2020-05-04',10142373,4,3,7,3),(1106,'2020-05-04',10142673,1,1,2,3),(1107,'2020-05-04',10143300,2,6,2,3),(1108,'2020-12-25',10142185,2,2,6,2),(1109,'2020-12-25',10142227,1,6,4,2),(1110,'2020-12-25',10143558,2,6,6,3),(1111,'2020-05-09',10141616,2,6,7,2),(1112,'2020-05-09',10142384,3,2,4,3),(1113,'2020-05-09',10142646,3,1,8,3),(1114,'2020-05-09',10142882,3,4,4,1),(1115,'2020-05-09',10142898,4,3,4,2),(1116,'2020-05-09',10143349,2,6,7,2),(1117,'2020-05-09',10143435,1,2,1,3),(1118,'2020-02-13',10142272,2,3,4,3),(1119,'2020-02-13',10142698,1,2,4,2),(1120,'2020-02-13',10142935,3,6,4,1),(1121,'2020-02-13',10143182,1,6,4,1),(1122,'2020-02-13',10143339,1,5,3,1),(1123,'2020-07-05',10141738,3,1,1,3),(1124,'2020-07-05',10142478,2,5,2,1),(1125,'2020-07-05',10143310,1,6,8,1),(1126,'2020-07-05',10143448,3,1,3,3),(1127,'2020-03-08',10142397,3,4,7,3),(1128,'2020-03-08',10143179,2,2,2,1),(1129,'2020-06-10',10141573,1,4,1,2),(1130,'2020-06-10',10142135,3,1,8,1),(1131,'2020-06-10',10142163,2,6,8,2),(1132,'2020-06-10',10142502,1,6,8,3),(1133,'2020-06-10',10142674,3,6,7,2),(1134,'2020-06-10',10143234,3,2,4,3),(1135,'2020-08-15',10141823,1,2,6,1),(1136,'2020-08-15',10141953,1,3,8,2),(1137,'2020-08-15',10141988,2,1,1,2),(1138,'2020-08-15',10142221,2,2,2,3),(1139,'2020-08-15',10142830,3,5,6,1),(1140,'2020-08-15',10143494,2,4,3,1),(1141,'2020-08-15',10143607,3,2,5,1),(1142,'2020-09-17',10141782,3,6,7,1),(1143,'2020-09-17',10141946,3,3,7,2),(1144,'2020-09-17',10142517,3,6,4,1),(1145,'2020-09-17',10142895,2,6,1,1),(1146,'2020-09-17',10143379,2,5,1,2),(1147,'2020-09-17',10143618,1,5,8,1),(1148,'2020-08-28',10141927,2,1,3,1),(1149,'2020-08-28',10142948,3,4,1,2),(1150,'2020-08-28',10143239,1,2,1,3),(1151,'2020-04-20',10141596,4,2,5,1),(1152,'2020-04-20',10142021,3,4,6,3),(1153,'2020-04-20',10142133,3,6,7,3),(1154,'2020-04-20',10142445,3,2,8,3),(1155,'2020-04-20',10142635,1,4,4,1),(1156,'2020-04-20',10142694,3,4,3,1),(1157,'2020-04-20',10143166,3,2,1,3),(1158,'2020-05-17',10142296,3,6,6,2),(1159,'2020-05-17',10142709,3,2,8,2),(1160,'2020-05-17',10143578,4,1,1,2),(1161,'2020-12-06',10142154,3,2,4,1),(1162,'2020-12-06',10142313,3,6,2,2),(1163,'2020-12-06',10142856,3,3,3,3),(1164,'2020-07-18',10141979,3,5,4,3),(1165,'2020-07-18',10142000,2,6,2,1),(1166,'2020-07-18',10142017,4,2,6,1),(1167,'2020-07-18',10142276,2,1,2,1),(1168,'2020-07-18',10142413,4,1,7,1),(1169,'2020-07-18',10142476,3,1,2,1),(1170,'2020-07-18',10142518,3,5,6,2),(1171,'2020-07-18',10142563,4,1,5,3),(1172,'2020-07-18',10143093,3,4,7,2),(1173,'2020-07-18',10143469,3,2,3,3),(1174,'2020-07-18',10143561,3,3,2,1),(1175,'2020-04-13',10141557,4,4,8,2),(1176,'2020-04-13',10142338,4,3,6,2),(1177,'2020-03-09',10141998,3,5,5,2),(1178,'2020-03-09',10142039,3,4,6,2),(1179,'2020-03-09',10142257,4,4,3,3),(1180,'2020-03-09',10142264,2,1,4,1),(1181,'2020-03-09',10142682,2,4,6,3),(1182,'2020-03-09',10142985,1,3,3,3),(1183,'2020-03-09',10143477,1,6,8,3),(1184,'2020-02-04',10141554,4,2,4,1),(1185,'2020-02-04',10141715,4,5,6,3),(1186,'2020-02-04',10141863,3,2,8,2),(1187,'2020-02-04',10142247,4,6,4,3),(1188,'2020-02-04',10142391,3,3,2,3),(1189,'2020-02-04',10143200,4,6,4,2),(1190,'2020-02-04',10143250,3,5,4,1),(1191,'2020-04-28',10141600,3,6,1,3),(1192,'2020-04-28',10141660,4,6,5,2),(1193,'2020-04-28',10141963,3,6,4,2),(1194,'2020-04-28',10142469,1,4,7,1),(1195,'2020-04-28',10142595,3,4,5,3),(1196,'2020-04-28',10142769,1,3,6,2),(1197,'2020-04-28',10143414,1,2,2,3),(1198,'2020-01-03',10141712,1,3,1,2),(1199,'2020-01-03',10141987,4,3,2,1),(1200,'2020-01-03',10142093,3,5,3,1),(1201,'2020-01-03',10142325,3,5,4,3),(1202,'2020-01-03',10142552,2,4,7,3),(1203,'2020-01-03',10142598,4,4,8,2),(1204,'2020-01-03',10143013,3,2,7,1),(1205,'2020-07-21',10142618,4,2,6,2),(1206,'2020-07-21',10143004,3,6,1,1),(1207,'2020-11-23',10141502,3,4,5,3),(1208,'2020-11-23',10142536,3,2,1,3),(1209,'2020-11-23',10142859,1,4,1,3),(1210,'2020-11-23',10143308,1,6,2,3),(1211,'2020-11-23',10143480,3,2,2,2),(1212,'2020-11-23',10143520,2,4,1,2),(1213,'2020-11-23',10143606,1,6,3,1),(1214,'2020-09-09',10141602,1,2,8,1),(1215,'2020-09-09',10141664,3,6,1,3),(1216,'2020-09-09',10141666,4,2,8,2),(1217,'2020-09-09',10142246,2,1,1,1),(1218,'2020-09-09',10142938,4,3,3,1),(1219,'2020-09-09',10143151,4,4,2,2),(1220,'2020-09-09',10143289,3,4,4,2),(1221,'2020-08-18',10142118,2,1,6,2),(1222,'2020-08-18',10142724,4,6,5,1),(1223,'2020-08-18',10142803,3,6,8,3),(1224,'2020-08-18',10142834,3,6,3,3),(1225,'2020-08-18',10143214,3,5,2,2),(1226,'2020-08-18',10143588,2,2,1,1),(1227,'2020-11-25',10141708,3,5,3,2),(1228,'2020-11-25',10141804,1,1,1,3),(1229,'2020-11-25',10141978,4,6,6,3),(1230,'2020-11-25',10142122,3,6,2,3),(1231,'2020-11-25',10142590,2,3,5,2),(1232,'2020-11-25',10142643,4,4,3,3),(1233,'2020-11-25',10143066,3,2,4,3),(1234,'2020-10-03',10141881,1,6,3,1),(1235,'2020-10-03',10142231,4,4,3,3),(1236,'2020-10-03',10142770,1,6,3,3),(1237,'2020-10-03',10143423,3,5,2,3),(1238,'2020-10-03',10143531,2,3,2,1),(1239,'2020-10-03',10143597,1,5,5,3),(1240,'2020-02-24',10141875,2,2,2,1),(1241,'2020-02-24',10142372,4,3,3,1),(1242,'2020-02-24',10143549,1,4,6,1),(1243,'2020-03-01',10141556,1,4,3,1),(1244,'2020-03-01',10141593,3,3,7,3),(1245,'2020-03-01',10143115,2,2,6,3),(1246,'2020-02-15',10141549,2,3,3,3),(1247,'2020-02-15',10141831,4,5,3,1),(1248,'2020-02-15',10142542,1,3,7,1),(1249,'2020-02-15',10142790,3,5,4,3),(1250,'2020-02-15',10143019,3,5,2,3),(1251,'2020-10-30',10142789,3,5,3,2),(1252,'2020-10-30',10143449,1,4,5,2),(1253,'2020-01-15',10142171,3,1,2,2),(1254,'2020-01-15',10142179,4,1,7,3),(1255,'2020-01-15',10142530,3,1,1,3),(1256,'2020-01-15',10143547,3,2,4,3),(1257,'2020-01-15',10143621,3,2,6,1),(1258,'2020-11-06',10142382,2,1,3,3),(1259,'2020-11-06',10142429,3,4,6,2),(1260,'2020-11-06',10142447,3,5,2,3),(1261,'2020-11-06',10142944,1,3,8,3),(1262,'2020-11-06',10142956,2,4,7,1),(1263,'2020-11-06',10143103,3,4,1,2),(1264,'2020-11-06',10143221,2,2,6,1),(1265,'2020-11-06',10143279,3,4,3,2),(1266,'2020-11-06',10143373,2,4,7,1),(1267,'2020-11-06',10143581,3,1,8,2),(1268,'2020-01-02',10141523,3,1,5,3),(1269,'2020-01-02',10141996,2,5,2,3),(1270,'2020-01-02',10142089,3,2,3,2),(1271,'2020-01-02',10142145,1,5,2,1),(1272,'2020-01-02',10142520,1,4,1,2),(1273,'2020-01-02',10143160,2,6,4,2),(1274,'2020-12-09',10141553,3,6,8,1),(1275,'2020-12-09',10142215,3,5,7,2),(1276,'2020-12-09',10143288,3,5,8,2),(1277,'2020-12-09',10143577,2,6,1,2),(1278,'2020-03-22',10141856,1,2,5,3),(1279,'2020-03-22',10141895,4,2,3,2),(1280,'2020-03-22',10143041,3,4,3,2),(1281,'2020-03-22',10143359,1,1,8,1),(1282,'2020-03-22',10143432,2,6,4,3),(1283,'2020-09-22',10141696,2,1,8,3),(1284,'2020-09-22',10142281,3,6,1,1),(1285,'2020-09-22',10142963,1,1,6,2),(1286,'2020-08-11',10142097,4,4,1,3),(1287,'2020-08-11',10142701,3,6,8,3),(1288,'2020-08-11',10142823,4,4,3,2),(1289,'2020-08-11',10143360,3,1,4,1),(1290,'2020-08-11',10143364,2,4,1,2),(1291,'2020-08-11',10143434,3,1,6,3),(1292,'2020-03-17',10141534,2,6,1,1),(1293,'2020-03-17',10141766,3,6,4,2),(1294,'2020-03-17',10141885,1,1,1,1),(1295,'2020-03-17',10142226,3,5,2,3),(1296,'2020-03-17',10142813,2,3,1,1),(1297,'2020-05-21',10142392,1,3,5,2),(1298,'2020-05-21',10142650,2,5,4,1),(1299,'2020-05-21',10142706,3,6,1,1),(1300,'2020-05-21',10142850,1,3,4,1),(1301,'2020-05-21',10142947,3,1,1,1),(1302,'2020-05-21',10143536,4,4,4,3),(1303,'2020-07-07',10141543,1,4,1,1),(1304,'2020-07-07',10141591,4,1,8,3),(1305,'2020-07-07',10141873,2,4,5,1),(1306,'2020-07-07',10142141,1,3,1,1),(1307,'2020-07-07',10142626,3,5,8,3),(1308,'2020-07-07',10142979,3,4,4,3),(1309,'2020-07-10',10141843,1,5,4,1),(1310,'2020-07-10',10141864,3,5,3,3),(1311,'2020-07-10',10142477,4,5,5,1),(1312,'2020-07-10',10142656,3,2,3,1),(1313,'2020-07-10',10142978,3,4,6,2),(1314,'2020-07-10',10143229,4,6,8,3),(1315,'2020-07-10',10143466,3,5,6,2),(1316,'2020-07-10',10143589,4,4,6,1),(1317,'2020-02-27',10142386,4,2,7,3),(1318,'2020-02-27',10142832,3,3,4,3),(1319,'2020-02-27',10143316,4,6,6,1),(1320,'2020-02-27',10143325,1,6,6,1),(1321,'2020-09-30',10141948,2,4,2,1),(1322,'2020-09-30',10142048,3,2,8,1),(1323,'2020-09-30',10142065,3,4,8,3),(1324,'2020-09-30',10142229,2,5,3,3),(1325,'2020-09-30',10143566,4,5,2,3),(1326,'2020-09-30',10143600,1,3,5,1),(1327,'2020-04-29',10141701,4,4,4,3),(1328,'2020-04-29',10142104,3,1,3,2),(1329,'2020-04-29',10142259,4,6,7,1),(1330,'2020-04-29',10142279,3,6,4,1),(1331,'2020-04-29',10143123,3,4,3,2),(1332,'2020-11-14',10142653,3,4,1,1),(1333,'2020-11-14',10143126,3,2,1,2),(1334,'2020-08-27',10141761,3,4,2,3),(1335,'2020-08-27',10142314,1,5,3,1),(1336,'2020-08-27',10142507,1,2,6,3),(1337,'2020-08-27',10143270,2,6,7,1),(1338,'2020-08-27',10143533,1,4,8,3),(1339,'2020-08-27',10143537,3,2,6,2),(1340,'2020-03-23',10141704,3,1,4,1),(1341,'2020-03-23',10142015,3,4,2,1),(1342,'2020-03-23',10142033,1,6,2,2),(1343,'2020-03-23',10143051,4,3,5,1),(1344,'2020-03-23',10143194,3,2,2,1),(1345,'2020-03-23',10143210,3,6,8,2),(1346,'2020-03-23',10143282,1,6,2,1),(1347,'2020-03-23',10143438,3,1,3,3),(1348,'2020-11-17',10142029,2,5,2,2),(1349,'2020-11-17',10142105,2,1,4,1),(1350,'2020-11-17',10142302,3,3,8,3),(1351,'2020-11-17',10142334,3,1,2,1),(1352,'2020-11-17',10142606,3,6,1,1),(1353,'2020-11-17',10142888,3,2,5,2),(1354,'2020-11-17',10142994,3,1,5,3),(1355,'2020-08-01',10141592,3,5,1,2),(1356,'2020-08-01',10141675,1,5,3,1),(1357,'2020-08-01',10142394,1,6,5,2),(1358,'2020-08-01',10142571,4,4,2,1),(1359,'2020-08-01',10142761,4,4,8,2),(1360,'2020-08-01',10142964,3,6,5,1),(1361,'2020-08-01',10143313,3,2,4,1),(1362,'2020-08-01',10143490,3,2,1,2),(1363,'2020-05-11',10142561,1,3,3,3),(1364,'2020-05-11',10142954,3,3,1,1),(1365,'2020-05-11',10143177,4,3,3,2),(1366,'2020-05-11',10143525,2,4,5,1),(1367,'2020-06-29',10141846,2,1,1,2),(1368,'2020-06-29',10141934,4,6,7,1),(1369,'2020-06-29',10141985,1,3,3,3),(1370,'2020-06-29',10142684,2,5,5,1),(1371,'2020-06-29',10142822,3,3,8,2),(1372,'2020-06-29',10142886,3,1,7,1),(1373,'2020-06-29',10143213,2,6,5,2),(1374,'2020-06-02',10141530,1,3,6,3),(1375,'2020-06-02',10142589,4,1,7,1),(1376,'2020-06-02',10142692,3,1,3,2),(1377,'2020-12-03',10142119,3,6,6,3),(1378,'2020-12-03',10142614,1,2,3,3),(1379,'2020-12-03',10142907,3,1,7,1),(1380,'2020-12-03',10143437,1,4,2,3),(1381,'2020-12-03',10143569,3,6,2,2),(1382,'2020-09-20',10141819,1,5,7,3),(1383,'2020-09-20',10142596,3,2,7,2),(1384,'2020-09-20',10143112,3,1,5,2),(1385,'2020-09-20',10143427,2,2,3,3),(1386,'2020-09-20',10143467,3,3,5,3),(1387,'2020-07-17',10141522,1,3,4,1),(1388,'2020-07-17',10141566,3,6,4,2),(1389,'2020-07-17',10141627,1,4,3,3),(1390,'2020-07-17',10141670,1,3,2,3),(1391,'2020-07-17',10141841,2,1,5,3),(1392,'2020-07-17',10141855,3,1,5,1),(1393,'2020-07-17',10141867,3,1,4,3),(1394,'2020-07-17',10142146,1,1,4,2),(1395,'2020-07-17',10142486,3,6,8,3),(1396,'2020-07-17',10142905,3,3,6,3),(1397,'2020-07-17',10142927,1,5,6,3),(1398,'2020-07-17',10143058,1,2,2,2),(1399,'2020-07-17',10143102,4,4,5,3),(1400,'2020-08-12',10141624,4,3,6,1),(1401,'2020-08-12',10141638,3,4,3,1),(1402,'2020-08-12',10141706,2,1,3,2),(1403,'2020-08-12',10141795,1,2,6,3),(1404,'2020-08-12',10141838,3,5,7,1),(1405,'2020-08-12',10142189,3,4,1,3),(1406,'2020-08-12',10143065,3,5,4,1),(1407,'2020-08-12',10143205,2,4,2,1),(1408,'2020-11-09',10141546,3,5,2,1),(1409,'2020-11-09',10141647,3,6,4,3),(1410,'2020-11-09',10141840,1,4,6,3),(1411,'2020-11-09',10142176,3,2,8,3),(1412,'2020-11-09',10142631,1,3,7,1),(1413,'2020-11-09',10143059,3,2,1,3),(1414,'2020-05-26',10141735,3,1,1,2),(1415,'2020-05-26',10142155,3,4,2,3),(1416,'2020-05-26',10142455,3,6,3,1),(1417,'2020-05-26',10142691,2,2,1,2),(1418,'2020-05-26',10142751,3,2,3,3),(1419,'2020-08-14',10142148,4,2,5,2),(1420,'2020-08-14',10142539,3,1,2,1),(1421,'2020-08-14',10142847,2,1,3,1),(1422,'2020-02-14',10141750,2,5,5,3),(1423,'2020-02-14',10142305,4,6,6,2),(1424,'2020-02-14',10142788,4,1,7,2),(1425,'2020-02-14',10142890,2,1,7,3),(1426,'2020-04-26',10141601,3,4,2,3),(1427,'2020-04-26',10141880,3,3,6,3),(1428,'2020-04-26',10141912,3,1,1,3),(1429,'2020-04-26',10141969,1,6,5,1),(1430,'2020-04-26',10141980,1,5,1,2),(1431,'2020-04-26',10142568,3,4,4,2),(1432,'2020-04-26',10142827,3,5,4,3),(1433,'2020-04-26',10142974,2,6,4,3),(1434,'2020-12-12',10141768,3,1,8,1),(1435,'2020-12-12',10141898,4,4,7,1),(1436,'2020-12-12',10142265,3,2,5,3),(1437,'2020-12-12',10142759,2,4,5,3),(1438,'2020-12-12',10142928,3,6,8,1),(1439,'2020-12-12',10142989,3,2,6,1),(1440,'2020-12-12',10143181,2,6,3,3),(1441,'2020-12-12',10143241,2,1,5,1),(1442,'2020-06-25',10141507,2,5,3,3),(1443,'2020-06-25',10142152,3,4,4,3),(1444,'2020-06-25',10142288,1,3,3,2),(1445,'2020-06-25',10142943,1,6,2,3),(1446,'2020-06-25',10143259,1,3,5,1),(1447,'2020-06-25',10143408,2,6,3,2),(1448,'2020-10-13',10142180,1,5,5,3),(1449,'2020-10-13',10142437,1,3,8,1),(1450,'2020-10-13',10142937,3,3,2,3),(1451,'2020-10-13',10142959,1,5,4,1),(1452,'2020-10-13',10142996,3,1,1,3),(1453,'2020-10-13',10143127,4,2,3,3),(1454,'2020-10-13',10143135,2,2,2,1),(1455,'2020-10-13',10143216,2,5,1,2),(1456,'2020-10-13',10143470,1,6,7,2),(1457,'2020-05-30',10142361,3,1,7,2),(1458,'2020-05-30',10142952,1,1,5,2),(1459,'2020-05-30',10143426,2,2,1,1),(1460,'2020-01-12',10141504,3,1,2,2),(1461,'2020-01-12',10141607,2,5,2,3),(1462,'2020-01-12',10141999,1,2,6,3),(1463,'2020-01-12',10142201,4,2,8,3),(1464,'2020-01-12',10142266,2,5,7,3),(1465,'2020-01-12',10142925,4,1,7,3),(1466,'2020-01-12',10143169,1,1,8,1),(1467,'2020-12-10',10141626,3,4,4,1),(1468,'2020-12-10',10141652,4,5,3,2),(1469,'2020-12-10',10142058,3,5,7,3),(1470,'2020-12-10',10143082,1,1,3,3),(1471,'2020-12-10',10143626,3,5,8,3),(1472,'2020-03-30',10142396,3,3,3,2),(1473,'2020-03-30',10143052,2,5,4,1),(1474,'2020-03-30',10143153,4,2,5,2),(1475,'2020-03-30',10143374,2,6,4,1),(1476,'2020-03-30',10143446,2,3,1,2),(1477,'2020-03-30',10143560,3,6,1,1),(1478,'2020-11-01',10141816,3,1,6,2),(1479,'2020-11-01',10142198,4,2,4,3),(1480,'2020-11-01',10143498,2,2,3,3),(1481,'2020-10-10',10142230,2,1,6,2),(1482,'2020-10-10',10143202,3,4,5,2),(1483,'2020-11-30',10141698,2,5,6,1),(1484,'2020-11-30',10141839,3,5,5,1),(1485,'2020-11-30',10142210,2,6,8,1),(1486,'2020-11-30',10143363,3,5,2,1),(1487,'2020-11-30',10143532,3,2,6,2),(1488,'2020-01-31',10141565,3,6,8,1),(1489,'2020-01-31',10142079,3,5,4,3),(1490,'2020-01-31',10142232,2,1,4,1),(1491,'2020-01-31',10142572,1,1,7,2),(1492,'2020-01-31',10142640,2,2,6,2),(1493,'2020-01-31',10142750,4,4,3,1),(1494,'2020-01-31',10142918,3,2,4,2),(1495,'2020-01-31',10142987,4,3,5,1),(1496,'2020-01-31',10143060,3,5,1,2),(1497,'2020-01-31',10143120,1,4,4,1),(1498,'2020-11-16',10141572,2,5,3,2),(1499,'2020-11-16',10142004,3,1,5,2),(1500,'2020-11-16',10142069,4,4,8,2),(1501,'2020-11-16',10142219,4,3,4,3),(1502,'2020-11-16',10142324,3,3,2,3),(1503,'2020-11-16',10142515,3,6,6,1),(1504,'2020-11-16',10142565,3,5,5,3),(1505,'2020-11-16',10142712,4,1,8,1),(1506,'2020-11-16',10143324,2,3,8,1),(1507,'2020-10-14',10141568,4,5,7,1),(1508,'2020-10-14',10141686,1,3,1,1),(1509,'2020-10-14',10141791,3,6,7,2),(1510,'2020-10-14',10142074,2,2,7,2),(1511,'2020-10-14',10142665,1,1,4,1),(1512,'2020-10-14',10143049,1,4,7,1),(1513,'2020-10-14',10143178,3,3,2,1),(1514,'2020-06-08',10141586,3,3,1,1),(1515,'2020-06-08',10141703,4,2,6,3),(1516,'2020-06-08',10141939,2,1,5,3),(1517,'2020-06-08',10141990,3,2,1,2),(1518,'2020-06-08',10142199,3,3,6,3),(1519,'2020-06-08',10143369,2,4,4,3),(1520,'2020-06-08',10143487,1,1,1,1),(1521,'2020-01-26',10141673,2,6,3,2),(1522,'2020-01-26',10142268,3,2,3,2),(1523,'2020-01-26',10142756,3,5,2,1),(1524,'2020-01-26',10142867,1,5,5,2),(1525,'2020-01-26',10143045,3,6,1,1),(1526,'2020-01-26',10143424,2,3,1,2),(1527,'2020-01-09',10141861,1,5,8,2),(1528,'2020-01-09',10142291,1,5,3,1),(1529,'2020-01-09',10142360,3,3,7,1),(1530,'2020-01-09',10142498,2,6,1,3),(1531,'2020-01-09',10142687,1,4,5,1),(1532,'2020-01-09',10142984,1,6,7,1),(1533,'2020-01-09',10143351,3,4,5,2),(1534,'2020-01-09',10143396,1,4,7,1),(1535,'2020-01-09',10143608,3,4,8,1),(1536,'2020-10-17',10141847,4,1,6,1),(1537,'2020-10-17',10142224,4,4,8,2),(1538,'2020-10-17',10142824,2,6,7,3),(1539,'2020-10-17',10143183,4,2,7,3),(1540,'2020-10-17',10143571,1,4,6,2),(1541,'2020-03-10',10141933,3,3,3,3),(1542,'2020-03-10',10141975,2,3,7,2),(1543,'2020-03-10',10142050,4,3,4,1),(1544,'2020-03-10',10142465,1,1,6,1),(1545,'2020-03-10',10142594,3,1,3,3),(1546,'2020-03-10',10142781,3,1,3,2),(1547,'2020-03-10',10142785,2,5,4,3),(1548,'2020-03-10',10143085,3,4,6,3),(1549,'2020-03-10',10143416,1,3,7,2),(1550,'2020-03-10',10143457,4,3,8,1),(1551,'2020-10-06',10142842,1,1,7,2),(1552,'2020-10-06',10143128,3,5,4,1),(1553,'2020-10-06',10143611,1,6,7,1),(1554,'2020-11-18',10141632,3,1,6,3),(1555,'2020-11-18',10141688,2,3,8,3),(1556,'2020-11-18',10141727,2,5,3,2),(1557,'2020-11-18',10141982,3,2,8,2),(1558,'2020-11-18',10142078,3,4,4,3),(1559,'2020-11-18',10142579,3,3,8,3),(1560,'2020-11-18',10142829,4,1,3,2),(1561,'2020-02-02',10141679,4,4,2,3),(1562,'2020-02-02',10142041,2,5,1,3),(1563,'2020-02-02',10142638,1,5,4,3),(1564,'2020-02-02',10143389,2,5,2,2),(1565,'2020-03-28',10141510,3,2,7,1),(1566,'2020-03-28',10141519,3,3,6,1),(1567,'2020-03-28',10141858,4,1,1,3),(1568,'2020-03-28',10142362,2,6,5,3),(1569,'2020-03-28',10142757,4,4,5,2),(1570,'2020-03-28',10143429,2,2,7,1),(1571,'2020-03-28',10143461,2,4,8,2),(1572,'2020-03-28',10143481,2,2,7,1),(1573,'2020-03-28',10143493,3,3,8,1),(1574,'2020-03-28',10143524,3,2,5,3),(1575,'2020-03-28',10143559,3,6,4,1),(1576,'2020-07-20',10142365,3,2,1,1),(1577,'2020-07-20',10142464,4,1,8,3),(1578,'2020-07-20',10142527,2,5,8,2),(1579,'2020-07-20',10142835,3,6,6,2),(1580,'2020-07-20',10143570,2,3,7,3),(1581,'2020-08-16',10141599,3,6,1,1),(1582,'2020-08-16',10142255,3,2,1,1),(1583,'2020-08-16',10142467,4,2,5,1),(1584,'2020-08-16',10142582,4,2,1,3),(1585,'2020-08-16',10142675,2,6,5,3),(1586,'2020-08-16',10143453,1,2,3,2),(1587,'2020-03-16',10141713,3,6,4,3),(1588,'2020-03-16',10141786,3,2,4,2),(1589,'2020-07-01',10142024,2,4,2,3),(1590,'2020-07-01',10142064,2,5,7,1),(1591,'2020-07-01',10142368,4,2,8,1),(1592,'2020-07-01',10142885,4,4,5,1),(1593,'2020-07-01',10143208,4,3,5,1),(1594,'2020-07-01',10143296,2,5,6,3),(1595,'2020-03-27',10141788,1,5,4,2),(1596,'2020-03-27',10142432,2,3,2,2),(1597,'2020-03-27',10142946,2,5,2,2),(1598,'2020-03-27',10142970,2,2,7,2),(1599,'2020-05-14',10142138,3,3,6,2),(1600,'2020-05-14',10142168,2,3,6,3),(1601,'2020-05-14',10142337,4,2,4,2),(1602,'2020-05-14',10142370,3,3,7,2),(1603,'2020-05-14',10142415,3,5,4,3),(1604,'2020-05-14',10142659,3,4,7,2),(1605,'2020-05-14',10143224,1,4,6,1),(1606,'2020-05-14',10143375,4,1,4,3),(1607,'2020-11-02',10141849,2,3,5,1),(1608,'2020-11-02',10142096,4,3,7,3),(1609,'2020-11-02',10142258,4,1,2,3),(1610,'2020-11-02',10142771,2,3,8,1),(1611,'2020-11-02',10142934,3,1,5,3),(1612,'2020-11-02',10143354,3,5,6,1),(1613,'2020-11-02',10143444,4,4,4,2),(1614,'2020-11-02',10143518,2,6,6,2),(1615,'2020-08-25',10141645,3,4,4,1),(1616,'2020-08-25',10141785,3,3,2,1),(1617,'2020-08-25',10142153,1,5,5,2),(1618,'2020-08-25',10142853,3,1,7,1),(1619,'2020-08-25',10143459,3,4,8,1),(1620,'2020-04-01',10141805,3,6,6,3),(1621,'2020-04-01',10141957,3,5,2,2),(1622,'2020-04-01',10142493,2,4,5,1),(1623,'2020-07-22',10141513,1,2,3,2),(1624,'2020-07-22',10141579,4,6,2,3),(1625,'2020-07-22',10141801,4,1,1,3),(1626,'2020-07-22',10141940,1,5,8,3),(1627,'2020-07-22',10143108,4,4,2,1),(1628,'2020-07-22',10143247,4,4,8,3),(1629,'2020-07-22',10143539,2,4,6,1),(1630,'2020-10-24',10141719,1,2,4,2),(1631,'2020-10-24',10141868,3,1,4,2),(1632,'2020-10-24',10141883,1,5,6,2),(1633,'2020-10-24',10142375,4,6,6,2),(1634,'2020-10-24',10142957,3,5,5,2),(1635,'2020-10-24',10143528,3,1,2,3),(1636,'2020-10-24',10143573,1,1,8,3),(1637,'2020-01-01',10141743,1,1,1,1),(1638,'2020-01-01',10141860,1,4,7,3),(1639,'2020-01-01',10142548,2,4,8,1),(1640,'2020-01-01',10142591,3,1,5,2),(1641,'2020-01-01',10142654,2,4,7,2),(1642,'2020-02-25',10141550,3,3,6,1),(1643,'2020-02-25',10141751,3,6,7,3),(1644,'2020-02-25',10141913,3,6,3,2),(1645,'2020-02-25',10142780,4,6,6,2),(1646,'2020-02-25',10142848,3,1,8,2),(1647,'2020-02-25',10142874,3,4,8,2),(1648,'2020-02-25',10142958,4,3,1,1),(1649,'2020-02-25',10143176,4,1,4,1),(1650,'2020-02-25',10143347,4,4,7,2),(1651,'2020-11-28',10141558,3,4,6,2),(1652,'2020-11-28',10141567,4,1,2,3),(1653,'2020-11-28',10141604,3,5,2,2),(1654,'2020-11-28',10141921,4,3,7,3),(1655,'2020-11-28',10141976,1,6,6,3),(1656,'2020-11-28',10143388,3,6,4,2),(1657,'2020-11-28',10143439,2,4,6,1),(1658,'2020-11-28',10143511,3,2,1,1),(1659,'2020-08-31',10141995,1,5,7,1),(1660,'2020-08-31',10142434,2,2,4,3),(1661,'2020-08-31',10142651,3,5,3,2),(1662,'2020-08-31',10142725,2,5,1,3),(1663,'2020-08-31',10142754,3,3,3,2),(1664,'2020-08-31',10143368,3,1,2,3),(1665,'2020-03-19',10141574,4,2,1,2),(1666,'2020-03-19',10142670,1,2,2,1),(1667,'2020-03-19',10143024,1,2,7,1),(1668,'2020-03-19',10143478,3,6,5,3),(1669,'2020-03-19',10143538,4,1,8,1),(1670,'2020-03-12',10141529,1,5,4,2),(1671,'2020-03-12',10142164,3,3,5,2),(1672,'2020-03-12',10143197,3,1,2,3),(1673,'2020-03-26',10141784,3,2,1,1),(1674,'2020-03-26',10141961,4,1,4,1),(1675,'2020-03-26',10142156,1,4,3,1),(1676,'2020-03-26',10142371,2,1,2,2),(1677,'2020-03-26',10142414,1,2,3,1),(1678,'2020-03-26',10142666,3,4,5,1),(1679,'2020-03-26',10142700,3,3,1,2),(1680,'2020-03-26',10142811,3,6,7,3),(1681,'2020-03-26',10143074,2,4,7,1),(1682,'2020-03-26',10143081,1,3,3,3),(1683,'2020-11-13',10142087,3,1,8,2),(1684,'2020-11-13',10142095,4,1,4,1),(1685,'2020-11-13',10142901,3,6,2,3),(1686,'2020-11-13',10143211,2,4,5,1),(1687,'2020-02-12',10142462,1,4,6,1),(1688,'2020-02-29',10141783,3,5,2,3),(1689,'2020-02-29',10142284,1,1,5,2),(1690,'2020-02-29',10142481,4,2,6,3),(1691,'2020-02-29',10142683,3,4,3,1),(1692,'2020-02-29',10142953,4,6,1,3),(1693,'2020-02-29',10143249,3,2,7,2),(1694,'2020-02-29',10143380,3,2,5,2),(1695,'2020-11-12',10141540,1,4,1,1),(1696,'2020-11-12',10141667,2,1,6,2),(1697,'2020-11-12',10142410,4,3,1,3),(1698,'2020-11-12',10142468,3,1,6,3),(1699,'2020-11-12',10142858,3,5,4,3),(1700,'2020-11-12',10142995,3,3,7,2),(1701,'2020-11-12',10143260,3,1,3,2),(1702,'2020-11-12',10143399,1,6,1,2),(1703,'2020-04-04',10141631,3,5,4,2),(1704,'2020-04-04',10142090,2,3,3,1),(1705,'2020-04-04',10142549,3,1,3,2),(1706,'2020-04-04',10142667,4,2,2,1),(1707,'2020-04-04',10142704,3,3,7,3),(1708,'2020-04-04',10142738,2,6,6,2),(1709,'2020-04-04',10142933,2,4,3,1),(1710,'2020-04-04',10143010,1,4,1,1),(1711,'2020-04-04',10143088,3,5,4,2),(1712,'2020-04-04',10143189,4,3,4,3),(1713,'2020-04-04',10143455,1,4,2,2),(1714,'2020-05-22',10141642,3,6,5,2),(1715,'2020-05-22',10142474,1,4,5,3),(1716,'2020-05-22',10142593,3,5,8,2),(1717,'2020-05-22',10142919,3,1,4,3),(1718,'2020-06-19',10142057,1,2,1,1),(1719,'2020-06-19',10142101,2,4,3,3),(1720,'2020-06-19',10142629,4,3,4,3),(1721,'2020-06-19',10142849,4,5,4,3),(1722,'2020-06-19',10142973,2,4,8,1),(1723,'2020-06-19',10143111,3,5,1,1),(1724,'2020-06-19',10143614,4,1,4,3),(1725,'2020-09-02',10141887,2,3,7,3),(1726,'2020-09-02',10142001,3,3,7,2),(1727,'2020-09-02',10142063,4,5,4,2),(1728,'2020-09-02',10142114,3,5,2,2),(1729,'2020-09-02',10143615,4,2,1,1),(1730,'2020-05-25',10141718,4,5,8,3),(1731,'2020-05-25',10142795,3,5,8,1),(1732,'2020-05-25',10143223,3,6,8,2),(1733,'2020-12-27',10141765,4,2,8,2),(1734,'2020-12-27',10141820,3,3,1,3),(1735,'2020-12-27',10142126,2,1,7,3),(1736,'2020-12-27',10142267,3,4,3,2),(1737,'2020-12-27',10142664,4,5,7,3),(1738,'2020-12-27',10142727,2,6,2,2),(1739,'2020-12-27',10143345,1,6,5,3),(1740,'2020-12-27',10143460,3,6,7,3),(1741,'2020-01-30',10142512,3,5,7,2),(1742,'2020-01-30',10142668,3,5,3,2),(1743,'2020-01-30',10142685,1,3,5,1),(1744,'2020-01-30',10143086,4,5,2,1),(1745,'2020-01-30',10143113,3,2,8,1),(1746,'2020-01-30',10143253,3,5,2,2),(1747,'2020-10-25',10141590,2,3,6,2),(1748,'2020-10-25',10141649,4,4,4,2),(1749,'2020-10-25',10141914,1,2,1,3),(1750,'2020-10-25',10142200,1,5,4,3),(1751,'2020-10-25',10142245,3,5,2,2),(1752,'2020-10-25',10142400,3,2,5,2),(1753,'2020-10-25',10142485,2,4,2,2),(1754,'2020-10-25',10142802,2,6,5,1),(1755,'2020-10-25',10143096,3,6,1,1),(1756,'2020-10-25',10143218,4,5,7,1),(1757,'2020-10-25',10143225,3,3,5,1),(1758,'2020-10-25',10143230,3,1,1,3),(1759,'2020-05-20',10141810,4,6,4,1),(1760,'2020-05-20',10142363,3,2,4,3),(1761,'2020-05-20',10142406,4,3,3,1),(1762,'2020-05-20',10143319,3,3,4,2),(1763,'2020-05-28',10142627,1,6,7,3),(1764,'2020-05-28',10142975,3,4,5,1),(1765,'2020-05-28',10143014,3,4,2,1),(1766,'2020-05-28',10143050,3,6,6,1),(1767,'2020-05-28',10143462,1,3,6,3),(1768,'2020-10-02',10141973,3,2,5,1),(1769,'2020-10-02',10142346,1,5,7,1),(1770,'2020-10-02',10142401,3,1,1,2),(1771,'2020-10-02',10142534,1,4,6,1),(1772,'2020-10-02',10142746,2,3,2,2),(1773,'2020-10-02',10142911,3,2,1,3),(1774,'2020-10-02',10143299,1,3,6,3),(1775,'2020-10-02',10143382,3,1,5,1),(1776,'2020-07-15',10141651,2,2,6,2),(1777,'2020-07-15',10142846,1,1,3,3),(1778,'2020-07-15',10142857,1,1,7,1),(1779,'2020-07-15',10143505,1,2,5,1),(1780,'2020-05-08',10142184,3,3,7,2),(1781,'2020-05-08',10143258,3,3,8,1),(1782,'2020-08-05',10141541,4,2,4,1),(1783,'2020-08-05',10141754,3,5,2,2),(1784,'2020-08-05',10142250,4,4,6,3),(1785,'2020-08-05',10142672,3,5,2,2),(1786,'2020-08-05',10143187,1,5,2,3),(1787,'2020-08-05',10143293,2,3,7,1),(1788,'2020-09-04',10141662,1,1,4,1),(1789,'2020-09-04',10141834,1,3,6,3),(1790,'2020-09-04',10141965,4,1,3,1),(1791,'2020-09-04',10142377,1,4,2,1),(1792,'2020-09-04',10142458,1,1,4,1),(1793,'2020-09-04',10142991,4,6,4,3),(1794,'2020-09-04',10143251,3,4,5,2),(1795,'2020-10-04',10141812,1,2,5,2),(1796,'2020-10-04',10142836,2,6,8,1),(1797,'2020-10-04',10142906,4,3,7,2),(1798,'2020-10-04',10143129,3,2,6,2),(1799,'2020-09-16',10142529,1,2,4,1),(1800,'2020-09-16',10142799,3,4,4,3),(1801,'2020-09-16',10143015,3,6,1,1),(1802,'2020-09-16',10143447,1,1,5,3),(1803,'2020-09-16',10143495,3,6,8,3),(1804,'2020-09-24',10141597,1,3,2,2),(1805,'2020-09-24',10141977,2,5,6,1),(1806,'2020-09-24',10142499,1,5,3,1),(1807,'2020-09-24',10142723,3,1,1,2),(1808,'2020-09-24',10142899,4,4,4,3),(1809,'2020-09-24',10143168,3,1,4,3),(1810,'2020-01-18',10141615,4,4,1,1),(1811,'2020-01-18',10141659,3,4,5,1),(1812,'2020-01-18',10141677,4,3,7,1),(1813,'2020-01-18',10141835,2,4,3,1),(1814,'2020-01-18',10141926,1,5,4,2),(1815,'2020-01-18',10141968,2,6,6,3),(1816,'2020-01-18',10142317,4,4,6,1),(1817,'2020-01-18',10142641,2,2,3,1),(1818,'2020-01-18',10143080,3,4,8,1),(1819,'2020-01-18',10143191,4,3,6,3),(1820,'2020-01-18',10143509,3,2,4,3),(1821,'2020-01-18',10143590,2,4,2,2),(1822,'2020-02-19',10142006,1,6,4,2),(1823,'2020-02-19',10142151,3,6,5,1),(1824,'2020-02-19',10142354,1,2,3,1),(1825,'2020-02-19',10143274,1,6,8,2),(1826,'2020-11-07',10141622,1,4,3,2),(1827,'2020-11-07',10141680,4,6,5,3),(1828,'2020-11-07',10141813,1,4,6,2),(1829,'2020-11-07',10142271,3,6,5,3),(1830,'2020-11-07',10142409,2,4,6,3),(1831,'2020-11-07',10142558,4,3,4,1),(1832,'2020-11-07',10143376,1,6,4,3),(1833,'2020-11-07',10143492,3,2,8,3),(1834,'2020-09-29',10142107,2,6,3,1),(1835,'2020-12-23',10141617,3,5,3,1),(1836,'2020-12-23',10142393,1,1,6,2),(1837,'2020-12-23',10142971,3,5,2,1),(1838,'2020-12-23',10143012,3,2,5,3),(1839,'2020-12-23',10143624,3,3,8,2),(1840,'2020-09-01',10141911,3,1,6,1),(1841,'2020-09-01',10142082,1,3,2,1),(1842,'2020-09-01',10142425,3,1,2,3),(1843,'2020-09-01',10142615,3,6,3,3),(1844,'2020-09-01',10142678,3,4,4,2),(1845,'2020-09-01',10142951,4,6,4,2),(1846,'2020-09-01',10143501,3,4,7,1),(1847,'2020-08-02',10142421,1,5,5,2),(1848,'2020-08-02',10142871,4,1,4,2),(1849,'2020-08-02',10143002,3,6,6,2),(1850,'2020-08-02',10143095,4,3,1,1),(1851,'2020-08-02',10143237,3,3,3,3),(1852,'2020-10-15',10142044,2,6,3,2),(1853,'2020-10-15',10142311,2,4,5,3),(1854,'2020-10-15',10142533,1,3,4,2),(1855,'2020-10-15',10142642,2,1,8,2),(1856,'2020-10-15',10143503,2,1,3,1),(1857,'2020-10-15',10143551,3,6,8,3),(1858,'2020-01-08',10141581,2,3,7,1),(1859,'2020-01-08',10141733,1,2,7,1),(1860,'2020-01-08',10141836,4,5,2,3),(1861,'2020-01-08',10141862,2,4,1,3),(1862,'2020-01-08',10143185,3,3,5,1),(1863,'2020-01-08',10143284,1,4,6,3),(1864,'2020-01-08',10143286,3,4,2,3),(1865,'2020-11-21',10141993,1,3,2,1),(1866,'2020-11-21',10142586,4,6,7,2),(1867,'2020-11-21',10142681,1,1,5,3),(1868,'2020-11-21',10142787,2,4,5,1),(1869,'2020-11-21',10143309,1,1,8,1),(1870,'2020-02-10',10142557,2,2,3,1),(1871,'2020-02-10',10142820,2,5,1,3),(1872,'2020-02-10',10143231,3,1,3,1),(1873,'2020-02-10',10143521,3,2,8,1),(1874,'2020-12-21',10142020,3,5,4,3),(1875,'2020-12-21',10142211,1,2,7,1),(1876,'2020-12-21',10142252,3,2,8,2),(1877,'2020-12-21',10142277,2,5,4,3),(1878,'2020-12-26',10142601,4,3,7,3),(1879,'2020-12-26',10142772,3,3,2,2),(1880,'2020-12-26',10143078,3,6,4,1),(1881,'2020-12-26',10143173,2,5,8,2),(1882,'2020-12-26',10143530,1,6,3,1),(1883,'2020-09-03',10141621,2,4,1,3),(1884,'2020-09-03',10141634,3,2,1,1),(1885,'2020-09-03',10141821,3,4,2,1),(1886,'2020-09-03',10142094,4,3,2,1),(1887,'2020-09-03',10143034,2,2,5,1),(1888,'2020-09-03',10143141,3,2,7,2),(1889,'2020-09-03',10143409,2,2,2,3),(1890,'2020-07-16',10142278,1,3,7,1),(1891,'2020-07-16',10142411,3,2,5,2),(1892,'2020-02-06',10141528,3,5,6,2),(1893,'2020-02-06',10141668,3,4,4,1),(1894,'2020-02-06',10141780,3,1,7,3),(1895,'2020-02-06',10142620,4,4,5,2),(1896,'2020-02-06',10143298,4,4,6,1),(1897,'2020-02-06',10143365,4,1,2,3),(1898,'2020-04-16',10141512,2,5,5,1),(1899,'2020-04-16',10141589,3,1,5,2),(1900,'2020-04-16',10141637,3,3,7,3),(1901,'2020-04-16',10142677,2,2,7,3),(1902,'2020-01-16',10142036,2,2,6,1),(1903,'2020-01-16',10142053,1,5,1,3),(1904,'2020-05-03',10142159,4,1,7,2),(1905,'2020-05-03',10142889,2,5,6,3),(1906,'2020-05-03',10143473,1,4,4,2),(1907,'2020-05-03',10143616,3,6,7,3),(1908,'2020-08-13',10141857,4,6,5,2),(1909,'2020-08-13',10141930,3,4,7,2),(1910,'2020-08-13',10142285,3,6,2,2),(1911,'2020-08-13',10143222,3,4,5,1),(1912,'2020-08-21',10141525,1,3,7,2),(1913,'2020-08-21',10141603,3,1,6,3),(1914,'2020-08-21',10141619,2,3,7,1),(1915,'2020-08-21',10142157,3,2,1,3),(1916,'2020-08-21',10142174,3,5,7,2),(1917,'2020-08-21',10143099,2,1,8,3),(1918,'2020-08-21',10143162,2,2,1,1),(1919,'2020-08-21',10143513,3,2,8,1),(1920,'2020-04-21',10141769,3,5,6,3),(1921,'2020-04-21',10142031,4,1,2,2),(1922,'2020-04-21',10142204,3,6,4,3),(1923,'2020-04-21',10142395,4,6,2,2),(1924,'2020-04-21',10142632,1,5,7,1),(1925,'2020-08-26',10141779,1,2,2,2),(1926,'2020-08-26',10141874,1,5,7,2),(1927,'2020-08-26',10141935,3,4,4,2),(1928,'2020-08-26',10142301,4,6,7,2),(1929,'2020-08-26',10143097,2,4,3,1),(1930,'2020-08-26',10143098,3,2,6,2),(1931,'2020-08-26',10143320,2,4,1,3),(1932,'2020-08-26',10143450,3,2,7,3),(1933,'2020-05-27',10141611,1,6,3,2),(1934,'2020-05-27',10141636,1,6,6,3),(1935,'2020-05-27',10141837,3,1,8,3),(1936,'2020-05-27',10141859,2,5,2,3),(1937,'2020-05-27',10142494,1,3,4,3),(1938,'2020-05-27',10143152,2,1,3,1),(1939,'2020-10-08',10141944,3,2,5,3),(1940,'2020-10-08',10142042,4,1,1,3),(1941,'2020-10-08',10142488,1,1,7,2),(1942,'2020-10-08',10143534,3,6,6,3),(1943,'2020-10-08',10143572,2,1,7,2),(1944,'2020-11-19',10141832,2,1,8,3),(1945,'2020-11-19',10141870,4,5,1,1),(1946,'2020-11-19',10141908,3,4,5,1),(1947,'2020-11-19',10142379,2,2,3,1),(1948,'2020-11-19',10142877,3,2,2,1),(1949,'2020-11-19',10143149,2,2,2,3),(1950,'2020-11-19',10143582,4,5,6,1),(1951,'2020-08-06',10141709,2,1,4,2),(1952,'2020-08-06',10142193,3,5,6,2),(1953,'2020-08-06',10142717,3,1,1,3),(1954,'2020-08-06',10143283,3,3,7,1),(1955,'2020-08-06',10143497,3,4,4,3),(1956,'2020-08-06',10143612,3,2,1,1),(1957,'2020-03-11',10142116,4,1,4,2),(1958,'2020-03-11',10142128,2,4,3,2),(1959,'2020-03-11',10142424,3,6,5,1),(1960,'2020-03-11',10143415,3,5,3,3),(1961,'2020-06-05',10141641,3,2,5,1),(1962,'2020-06-05',10141787,3,6,3,1),(1963,'2020-06-05',10142697,1,4,2,2),(1964,'2020-06-05',10142866,3,1,8,1),(1965,'2020-06-05',10143174,1,6,3,3),(1966,'2020-06-05',10143386,3,2,6,2),(1967,'2020-07-06',10141755,1,1,8,2),(1968,'2020-07-06',10142805,3,1,4,2),(1969,'2020-05-24',10142111,1,6,4,2),(1970,'2020-07-14',10141676,2,2,3,3),(1971,'2020-07-14',10141697,3,5,4,1),(1972,'2020-07-14',10141729,4,5,1,2),(1973,'2020-07-14',10142567,1,1,8,1),(1974,'2020-07-14',10142720,3,5,5,2),(1975,'2020-07-14',10142826,4,6,7,3),(1976,'2020-07-14',10143445,1,3,5,3),(1977,'2020-07-14',10143565,2,1,3,2),(1978,'2020-10-05',10141950,3,3,5,2),(1979,'2020-10-05',10142385,4,2,7,1),(1980,'2020-10-05',10142868,1,6,8,1),(1981,'2020-10-05',10142908,3,6,4,1),(1982,'2020-07-31',10141584,4,5,1,3),(1983,'2020-07-31',10141628,4,1,6,3),(1984,'2020-07-31',10141781,3,4,1,2),(1985,'2020-07-31',10142555,3,6,1,2),(1986,'2020-07-31',10142833,3,1,4,2),(1987,'2020-07-31',10142988,2,4,7,2),(1988,'2020-07-31',10143071,3,3,7,2),(1989,'2020-07-31',10143124,3,3,7,1),(1990,'2020-06-01',10141848,1,2,8,2),(1991,'2020-06-01',10141981,3,1,6,1),(1992,'2020-06-01',10142011,4,3,1,1),(1993,'2020-06-01',10142170,3,4,8,1),(1994,'2020-06-01',10142300,4,1,6,1),(1995,'2020-06-01',10142728,1,3,2,2),(1996,'2020-06-01',10142870,4,2,5,1),(1997,'2020-05-23',10142099,2,6,5,2),(1998,'2020-05-23',10142808,4,4,3,2),(1999,'2020-04-06',10141585,2,5,3,1),(2000,'2020-12-13',10141949,1,5,7,3),(2001,'2020-12-13',10142088,3,6,8,1),(2002,'2020-12-13',10142299,2,1,3,1),(2003,'2020-12-13',10142319,3,2,3,2),(2004,'2020-12-13',10142544,1,3,6,1),(2005,'2020-12-13',10143064,3,1,6,2),(2006,'2020-12-13',10143106,1,5,1,2),(2007,'2020-12-13',10143312,2,5,8,3),(2008,'2020-12-13',10143333,4,4,5,3),(2009,'2020-08-17',10141511,3,4,7,3),(2010,'2020-08-17',10142034,4,6,4,2),(2011,'2020-08-17',10142909,3,6,5,1),(2012,'2020-10-23',10141725,1,4,5,2),(2013,'2020-10-23',10141731,1,3,6,2),(2014,'2020-10-23',10141800,3,4,6,1),(2015,'2020-10-23',10141852,3,1,3,3),(2016,'2020-10-23',10142045,1,1,4,3),(2017,'2020-10-23',10142147,3,3,4,3),(2018,'2020-10-23',10142244,3,4,4,1),(2019,'2020-10-23',10142331,3,5,4,1),(2020,'2020-10-23',10143042,1,6,5,2),(2021,'2020-10-23',10143215,3,4,2,1),(2022,'2020-12-02',10141752,1,6,5,3),(2023,'2020-12-02',10142208,1,4,5,1),(2024,'2020-12-02',10142428,3,1,6,3),(2025,'2020-12-02',10142649,2,4,6,2),(2026,'2020-12-02',10143266,3,2,1,1),(2027,'2020-12-02',10143271,2,4,4,3),(2028,'2020-12-02',10143367,3,4,5,2),(2029,'2020-12-02',10143463,3,6,5,2),(2030,'2020-12-02',10143529,4,6,8,3),(2031,'2020-12-02',10143627,1,2,8,2),(2032,'2020-06-28',10141797,2,5,1,1),(2033,'2020-06-28',10142066,3,2,6,2),(2034,'2020-06-28',10142091,1,3,7,2),(2035,'2020-06-28',10142340,4,5,8,3),(2036,'2020-06-28',10142461,2,1,8,2),(2037,'2020-06-28',10143348,2,5,8,3),(2038,'2020-06-28',10143391,3,1,1,1),(2039,'2020-06-17',10142398,3,1,6,2),(2040,'2020-06-17',10142896,3,1,7,2),(2041,'2020-06-17',10143412,3,2,2,3),(2042,'2020-06-17',10143428,4,6,8,3),(2043,'2020-02-17',10141829,3,3,7,3),(2044,'2020-02-17',10142605,2,4,8,2),(2045,'2020-11-15',10141700,4,1,7,3),(2046,'2020-11-15',10141757,2,2,1,2),(2047,'2020-11-15',10141972,3,3,5,1),(2048,'2020-11-15',10142060,3,1,8,3),(2049,'2020-11-15',10142623,4,2,5,1),(2050,'2020-11-15',10142831,4,2,8,2),(2051,'2020-11-15',10142852,3,4,3,2),(2052,'2020-11-15',10143072,3,6,3,3),(2053,'2020-11-15',10143219,3,4,1,1),(2054,'2020-11-15',10143350,3,5,3,2),(2055,'2020-11-15',10143562,1,4,1,3),(2056,'2020-03-25',10142113,2,3,5,1),(2057,'2020-03-25',10142169,3,2,1,3),(2058,'2020-03-25',10142261,3,1,7,1),(2059,'2020-03-25',10142776,3,6,5,1),(2060,'2020-02-22',10141681,2,6,6,1),(2061,'2020-02-22',10142581,3,2,5,3),(2062,'2020-02-22',10142736,3,4,3,1),(2063,'2020-02-22',10142839,3,4,1,2),(2064,'2020-02-22',10143027,1,5,8,3),(2065,'2020-02-22',10143048,4,4,8,2),(2066,'2020-09-12',10142052,4,1,6,3),(2067,'2020-09-12',10142339,4,4,1,1),(2068,'2020-09-12',10142426,4,5,7,2),(2069,'2020-09-12',10142894,3,1,6,2),(2070,'2020-09-12',10143172,3,4,4,2),(2071,'2020-09-12',10143256,3,2,4,2),(2072,'2020-09-12',10143336,1,2,4,2),(2073,'2020-12-07',10142418,2,2,4,3),(2074,'2020-12-07',10142435,1,2,3,1),(2075,'2020-12-07',10143420,3,5,1,2),(2076,'2020-11-03',10141674,3,1,5,3),(2077,'2020-11-03',10141994,3,5,4,2),(2078,'2020-11-03',10143190,1,6,6,3),(2079,'2020-11-03',10143322,2,1,2,2),(2080,'2020-07-28',10141517,3,4,6,3),(2081,'2020-07-28',10141559,4,6,6,1),(2082,'2020-07-28',10141648,3,3,7,3),(2083,'2020-07-28',10141741,3,1,2,2),(2084,'2020-07-28',10142019,4,3,1,1),(2085,'2020-07-28',10142059,3,3,1,2),(2086,'2020-07-28',10142236,2,2,7,3),(2087,'2020-07-28',10142306,4,6,1,3),(2088,'2020-07-28',10142309,3,5,8,1),(2089,'2020-07-28',10143343,2,6,4,1),(2090,'2020-07-28',10143514,3,4,5,2),(2091,'2020-11-11',10141551,4,2,7,1),(2092,'2020-11-11',10141629,4,3,6,1),(2093,'2020-11-11',10141707,1,2,4,3),(2094,'2020-11-11',10142132,3,5,7,1),(2095,'2020-11-11',10142307,3,4,3,2),(2096,'2020-11-11',10142612,1,3,8,1),(2097,'2020-11-11',10143109,3,3,6,2),(2098,'2020-11-11',10143143,2,5,2,3),(2099,'2020-11-11',10143262,3,1,6,1),(2100,'2020-10-28',10141692,1,3,6,2),(2101,'2020-10-28',10141872,2,6,6,2),(2102,'2020-10-28',10142022,4,3,8,2),(2103,'2020-10-28',10142407,1,2,2,1),(2104,'2020-10-28',10142622,2,1,4,1),(2105,'2020-10-28',10142904,3,1,2,2),(2106,'2020-10-28',10143500,3,1,8,3),(2107,'2020-11-29',10141764,1,3,1,1),(2108,'2020-11-29',10141833,3,3,7,1),(2109,'2020-11-29',10142165,2,4,4,3),(2110,'2020-11-29',10142578,3,3,4,1),(2111,'2020-11-29',10142658,3,3,3,1),(2112,'2020-11-29',10143306,3,3,8,3),(2113,'2020-11-29',10143395,3,6,4,1),(2114,'2020-05-01',10141878,4,1,7,3),(2115,'2020-05-01',10141958,2,1,8,2),(2116,'2020-05-01',10142427,3,2,2,1),(2117,'2020-04-03',10141744,3,4,7,2),(2118,'2020-04-03',10141827,3,6,2,1),(2119,'2020-04-03',10142012,3,1,2,3),(2120,'2020-04-03',10142777,3,4,4,1),(2121,'2020-04-03',10142844,1,1,1,2),(2122,'2020-10-27',10141756,4,3,7,1),(2123,'2020-10-27',10142283,3,3,8,3),(2124,'2020-10-27',10142524,2,4,8,3),(2125,'2020-10-27',10142743,3,2,4,1),(2126,'2020-10-27',10142910,3,1,8,3),(2127,'2020-10-27',10143054,3,4,1,1);
/*!40000 ALTER TABLE `pesquisa` ENABLE KEYS */;
UNLOCK TABLES;

--
-- Table structure for table `pessoa`
--

DROP TABLE IF EXISTS `pessoa`;
/*!40101 SET @saved_cs_client     = @@character_set_client */;
/*!50503 SET character_set_client = utf8mb4 */;
CREATE TABLE `pessoa` (
  `cod_pessoa` int NOT NULL,
  `genero` varchar(45) NOT NULL,
  `data_nascimento` date DEFAULT NULL,
  PRIMARY KEY (`cod_pessoa`),
  UNIQUE KEY `cod_pessoa_UNIQUE` (`cod_pessoa`)
) ENGINE=InnoDB DEFAULT CHARSET=utf8mb4 COLLATE=utf8mb4_0900_ai_ci;
/*!40101 SET character_set_client = @saved_cs_client */;

--
-- Dumping data for table `pessoa`
--

LOCK TABLES `pessoa` WRITE;
/*!40000 ALTER TABLE `pessoa` DISABLE KEYS */;
INSERT INTO `pessoa` VALUES (10141501,'Feminino','1984-05-22'),(10141502,'Masculino','1998-06-27'),(10141503,'Masculino','1963-02-18'),(10141504,'Masculino','1979-09-09'),(10141505,'Masculino','1958-10-04'),(10141506,'Masculino','1982-12-19'),(10141507,'Masculino','1961-05-22'),(10141508,'Masculino','1957-09-23'),(10141509,'Masculino','1979-09-24'),(10141510,'Masculino','1978-11-29'),(10141511,'Masculino','1995-12-19'),(10141512,'Masculino','1999-04-11'),(10141513,'Masculino','1957-08-09'),(10141514,'Masculino','1999-01-29'),(10141515,'Feminino','1988-10-19'),(10141516,'Feminino','1966-03-02'),(10141517,'Feminino','1973-01-27'),(10141518,'Masculino','1959-06-12'),(10141519,'Feminino','1966-05-18'),(10141520,'Masculino','1984-10-08'),(10141521,'Feminino','1984-03-14'),(10141522,'Masculino','1972-04-18'),(10141523,'Feminino','1998-09-24'),(10141524,'Masculino','1994-10-31'),(10141525,'Feminino','1984-01-02'),(10141526,'Feminino','1994-07-01'),(10141527,'Masculino','1988-12-05'),(10141528,'Masculino','1952-05-09'),(10141529,'Feminino','1957-08-18'),(10141530,'Feminino','1980-12-29'),(10141531,'Feminino','1950-11-01'),(10141532,'Feminino','1990-08-10'),(10141533,'Feminino','1956-07-11'),(10141534,'Feminino','1952-04-25'),(10141535,'Feminino','1957-07-25'),(10141536,'Feminino','1978-07-06'),(10141537,'Feminino','1973-07-03'),(10141538,'Feminino','1950-07-19'),(10141539,'Feminino','1973-03-16'),(10141540,'Feminino','1990-08-10'),(10141541,'Masculino','1987-12-02'),(10141542,'Masculino','1972-07-05'),(10141543,'Masculino','1977-10-07'),(10141544,'Masculino','1978-02-11'),(10141545,'Feminino','1960-02-08'),(10141546,'Feminino','1959-02-08'),(10141547,'Feminino','1950-05-24'),(10141548,'Feminino','1961-12-15'),(10141549,'Feminino','1950-11-10'),(10141550,'Feminino','1966-06-25'),(10141551,'Feminino','1957-05-05'),(10141552,'Feminino','1989-03-27'),(10141553,'Feminino','1987-02-15'),(10141554,'Feminino','1967-05-03'),(10141555,'Feminino','1966-11-13'),(10141556,'Feminino','1975-11-28'),(10141557,'Feminino','1980-01-14'),(10141558,'Feminino','1958-05-24'),(10141559,'Feminino','1950-07-30'),(10141560,'Feminino','1969-06-05'),(10141561,'Feminino','1959-11-06'),(10141562,'Feminino','1979-05-17'),(10141563,'Feminino','1956-11-28'),(10141564,'Masculino','1956-10-16'),(10141565,'Feminino','1977-02-22'),(10141566,'Feminino','1976-11-28'),(10141567,'Feminino','1965-03-04'),(10141568,'Feminino','1997-08-16'),(10141569,'Feminino','1964-06-15'),(10141570,'Feminino','1953-11-09'),(10141571,'Feminino','1992-05-13'),(10141572,'Feminino','1978-06-24'),(10141573,'Feminino','1973-01-14'),(10141574,'Feminino','1992-01-13'),(10141575,'Masculino','1958-05-07'),(10141576,'Masculino','1983-12-17'),(10141577,'Masculino','1951-06-18'),(10141578,'Feminino','1951-04-28'),(10141579,'Feminino','1998-11-28'),(10141580,'Feminino','1969-04-22'),(10141581,'Feminino','1978-09-19'),(10141582,'Feminino','1998-09-13'),(10141583,'Feminino','1956-10-01'),(10141584,'Feminino','1963-11-27'),(10141585,'Feminino','1979-08-18'),(10141586,'Feminino','1957-12-25'),(10141587,'Feminino','1991-11-09'),(10141588,'Feminino','1957-01-08'),(10141589,'Feminino','1968-06-06'),(10141590,'Feminino','1953-12-02'),(10141591,'Feminino','1970-10-13'),(10141592,'Feminino','1964-01-04'),(10141593,'Feminino','1970-11-04'),(10141594,'Feminino','1953-02-20'),(10141595,'Feminino','1969-02-24'),(10141596,'Feminino','1960-03-24'),(10141597,'Feminino','1985-03-09'),(10141598,'Feminino','1959-11-01'),(10141599,'Feminino','1989-05-09'),(10141600,'Feminino','1969-11-22'),(10141601,'Feminino','1998-07-10'),(10141602,'Feminino','1996-04-20'),(10141603,'Feminino','1994-06-27'),(10141604,'Feminino','1954-08-01'),(10141605,'Feminino','1981-01-27'),(10141606,'Feminino','1993-12-01'),(10141607,'Feminino','1962-10-24'),(10141608,'Feminino','1967-05-23'),(10141609,'Masculino','1976-10-12'),(10141610,'Masculino','1966-08-23'),(10141611,'Feminino','1998-08-19'),(10141612,'Feminino','1997-09-05'),(10141613,'Feminino','1952-07-30'),(10141614,'Feminino','1971-12-12'),(10141615,'Feminino','1981-11-25'),(10141616,'Feminino','1982-07-20'),(10141617,'Feminino','1950-06-22'),(10141618,'Feminino','1978-05-18'),(10141619,'Feminino','1964-01-26'),(10141620,'Feminino','1996-01-31'),(10141621,'Feminino','1989-04-12'),(10141622,'Feminino','1991-04-01'),(10141623,'Feminino','1986-03-06'),(10141624,'Feminino','1966-03-20'),(10141625,'Feminino','1960-10-13'),(10141626,'Feminino','1998-05-24'),(10141627,'Feminino','1987-10-29'),(10141628,'Feminino','1976-03-23'),(10141629,'Feminino','1967-01-18'),(10141630,'Feminino','1995-05-22'),(10141631,'Feminino','1960-11-13'),(10141632,'Feminino','1960-01-30'),(10141633,'Feminino','1991-03-23'),(10141634,'Feminino','1970-03-15'),(10141635,'Feminino','1985-08-08'),(10141636,'Feminino','1970-12-17'),(10141637,'Feminino','1967-03-25'),(10141638,'Feminino','1993-07-03'),(10141639,'Feminino','1992-08-07'),(10141640,'Feminino','1970-01-12'),(10141641,'Feminino','1968-06-04'),(10141642,'Masculino','1986-02-23'),(10141643,'Masculino','1973-11-11'),(10141644,'Masculino','1977-06-04'),(10141645,'Feminino','1978-12-02'),(10141646,'Feminino','1950-05-09'),(10141647,'Feminino','1973-05-17'),(10141648,'Feminino','1976-02-07'),(10141649,'Feminino','1970-08-03'),(10141650,'Feminino','1966-05-20'),(10141651,'Feminino','1977-05-16'),(10141652,'Feminino','1954-01-26'),(10141653,'Feminino','1957-11-24'),(10141654,'Feminino','1955-12-27'),(10141655,'Feminino','1950-05-04'),(10141656,'Feminino','1981-12-27'),(10141657,'Feminino','1987-08-08'),(10141658,'Feminino','1963-03-04'),(10141659,'Masculino','1956-10-20'),(10141660,'Masculino','1987-11-13'),(10141661,'Feminino','1966-02-16'),(10141662,'Masculino','1996-06-14'),(10141663,'Masculino','1950-03-23'),(10141664,'Masculino','1970-09-27'),(10141665,'Masculino','1970-02-01'),(10141666,'Feminino','1974-02-02'),(10141667,'Feminino','1952-06-14'),(10141668,'Feminino','1993-02-20'),(10141669,'Feminino','1964-03-22'),(10141670,'Feminino','1975-03-29'),(10141671,'Feminino','1963-12-28'),(10141672,'Feminino','1951-01-20'),(10141673,'Feminino','1966-09-01'),(10141674,'Feminino','1963-03-14'),(10141675,'Feminino','1999-09-12'),(10141676,'Masculino','1962-06-25'),(10141677,'Masculino','1982-10-09'),(10141678,'Masculino','1991-10-28'),(10141679,'Masculino','1950-10-23'),(10141680,'Feminino','1988-01-06'),(10141681,'Masculino','1954-07-07'),(10141682,'Feminino','1953-07-27'),(10141683,'Feminino','1987-06-14'),(10141684,'Masculino','1980-01-20'),(10141685,'Masculino','1999-07-12'),(10141686,'Feminino','1986-09-24'),(10141687,'Masculino','1964-01-14'),(10141688,'Feminino','1961-06-14'),(10141689,'Feminino','1961-08-28'),(10141690,'Feminino','1988-04-09'),(10141691,'Feminino','1963-07-10'),(10141692,'Masculino','1992-02-25'),(10141693,'Feminino','1991-03-28'),(10141694,'Feminino','1952-07-24'),(10141695,'Feminino','1998-04-13'),(10141696,'Masculino','1990-06-16'),(10141697,'Feminino','1995-01-08'),(10141698,'Masculino','1959-04-25'),(10141699,'Feminino','1988-02-20'),(10141700,'Masculino','1971-10-23'),(10141701,'Masculino','1998-08-09'),(10141702,'Feminino','1982-05-23'),(10141703,'Feminino','1982-01-29'),(10141704,'Feminino','1975-04-28'),(10141705,'Feminino','1984-11-09'),(10141706,'Feminino','1989-06-17'),(10141707,'Feminino','1968-06-21'),(10141708,'Feminino','1977-03-17'),(10141709,'Feminino','1987-08-14'),(10141710,'Masculino','1990-04-01'),(10141711,'Masculino','1952-08-27'),(10141712,'Masculino','1951-08-13'),(10141713,'Feminino','1990-09-27'),(10141714,'Feminino','1989-05-27'),(10141715,'Feminino','1987-05-08'),(10141716,'Feminino','1971-10-06'),(10141717,'Feminino','1973-03-01'),(10141718,'Feminino','1967-03-18'),(10141719,'Feminino','1986-09-17'),(10141720,'Feminino','1973-12-28'),(10141721,'Feminino','1964-08-08'),(10141722,'Feminino','1961-04-24'),(10141723,'Feminino','1954-08-16'),(10141724,'Feminino','1976-10-12'),(10141725,'Feminino','1986-11-18'),(10141726,'Feminino','1989-09-25'),(10141727,'Feminino','1975-12-26'),(10141728,'Feminino','1990-08-16'),(10141729,'Feminino','1957-02-20'),(10141730,'Feminino','1999-12-12'),(10141731,'Feminino','1995-09-11'),(10141732,'Feminino','1961-10-05'),(10141733,'Feminino','1976-07-22'),(10141734,'Feminino','1974-06-25'),(10141735,'Feminino','1993-02-22'),(10141736,'Feminino','1973-11-29'),(10141737,'Feminino','1998-05-21'),(10141738,'Feminino','1991-08-17'),(10141739,'Masculino','1952-03-06'),(10141740,'Masculino','1985-09-26'),(10141741,'Masculino','1958-07-17'),(10141742,'Masculino','1983-06-06'),(10141743,'Masculino','1981-04-25'),(10141744,'Masculino','1974-08-23'),(10141745,'Masculino','1982-10-19'),(10141746,'Masculino','1965-12-14'),(10141747,'Masculino','1983-09-30'),(10141748,'Feminino','1969-04-16'),(10141749,'Masculino','1969-11-06'),(10141750,'Masculino','1992-07-12'),(10141751,'Feminino','1955-06-05'),(10141752,'Masculino','1950-01-24'),(10141753,'Masculino','1978-01-10'),(10141754,'Masculino','1956-01-25'),(10141755,'Masculino','1985-11-03'),(10141756,'Masculino','1992-04-17'),(10141757,'Masculino','1966-12-04'),(10141758,'Masculino','1992-10-03'),(10141759,'Masculino','1966-05-05'),(10141760,'Masculino','1978-08-03'),(10141761,'Masculino','1956-02-22'),(10141762,'Masculino','1970-08-07'),(10141763,'Masculino','1961-10-29'),(10141764,'Masculino','1951-06-11'),(10141765,'Masculino','1971-11-05'),(10141766,'Masculino','1992-03-09'),(10141767,'Masculino','1956-11-14'),(10141768,'Feminino','1979-05-18'),(10141769,'Feminino','1953-10-06'),(10141770,'Feminino','1977-04-20'),(10141771,'Feminino','1952-01-30'),(10141772,'Feminino','1980-02-03'),(10141773,'Feminino','1999-11-17'),(10141774,'Feminino','1977-11-21'),(10141775,'Feminino','1984-02-14'),(10141776,'Masculino','1956-07-14'),(10141777,'Masculino','1988-01-22'),(10141778,'Masculino','1967-11-14'),(10141779,'Feminino','1960-11-19'),(10141780,'Feminino','1999-08-10'),(10141781,'Feminino','1956-03-17'),(10141782,'Feminino','1995-06-04'),(10141783,'Feminino','1963-03-31'),(10141784,'Feminino','1995-11-04'),(10141785,'Feminino','1967-07-21'),(10141786,'Feminino','1999-04-21'),(10141787,'Feminino','1998-04-10'),(10141788,'Feminino','1954-12-15'),(10141789,'Feminino','1982-11-15'),(10141790,'Feminino','1997-10-30'),(10141791,'Feminino','1964-01-13'),(10141792,'Feminino','1988-12-04'),(10141793,'Feminino','1953-08-22'),(10141794,'Feminino','1996-04-16'),(10141795,'Feminino','1998-09-25'),(10141796,'Feminino','1980-06-19'),(10141797,'Feminino','1955-05-09'),(10141798,'Feminino','1955-07-29'),(10141799,'Feminino','1984-01-07'),(10141800,'Feminino','1951-06-06'),(10141801,'Feminino','1968-10-15'),(10141802,'Feminino','1979-08-08'),(10141803,'Feminino','1977-05-19'),(10141804,'Feminino','1965-01-02'),(10141805,'Feminino','1990-12-08'),(10141806,'Feminino','1993-04-22'),(10141807,'Feminino','1968-01-06'),(10141808,'Feminino','1964-08-20'),(10141809,'Feminino','1957-08-03'),(10141810,'Masculino','1953-10-26'),(10141811,'Masculino','1965-09-23'),(10141812,'Masculino','1963-03-22'),(10141813,'Feminino','1964-04-06'),(10141814,'Feminino','1969-09-26'),(10141815,'Feminino','1987-05-27'),(10141816,'Feminino','1965-04-28'),(10141817,'Feminino','1956-01-01'),(10141818,'Feminino','1971-04-04'),(10141819,'Feminino','1968-08-06'),(10141820,'Feminino','1988-05-30'),(10141821,'Feminino','1963-07-01'),(10141822,'Feminino','1952-09-11'),(10141823,'Feminino','1993-08-22'),(10141824,'Feminino','1995-10-09'),(10141825,'Feminino','1954-08-05'),(10141826,'Feminino','1973-01-26'),(10141827,'Feminino','1959-07-17'),(10141828,'Feminino','1964-12-30'),(10141829,'Feminino','1974-09-04'),(10141830,'Masculino','1952-12-23'),(10141831,'Feminino','1966-01-13'),(10141832,'Feminino','1954-01-24'),(10141833,'Feminino','1963-02-06'),(10141834,'Feminino','1980-03-29'),(10141835,'Feminino','1982-01-08'),(10141836,'Feminino','1978-04-16'),(10141837,'Feminino','1999-09-30'),(10141838,'Feminino','1981-10-05'),(10141839,'Feminino','1994-04-20'),(10141840,'Feminino','1978-01-06'),(10141841,'Feminino','1973-02-27'),(10141842,'Feminino','1953-12-07'),(10141843,'Masculino','1957-02-14'),(10141844,'Masculino','1955-11-08'),(10141845,'Masculino','1952-01-05'),(10141846,'Masculino','1970-12-05'),(10141847,'Masculino','1987-06-13'),(10141848,'Masculino','1979-10-31'),(10141849,'Feminino','1999-10-13'),(10141850,'Feminino','1964-01-04'),(10141851,'Feminino','1977-10-24'),(10141852,'Feminino','1950-07-04'),(10141853,'Feminino','1993-12-08'),(10141854,'Feminino','1968-03-10'),(10141855,'Feminino','1976-05-05'),(10141856,'Feminino','1983-02-11'),(10141857,'Feminino','1989-12-29'),(10141858,'Feminino','1977-05-26'),(10141859,'Feminino','1976-08-17'),(10141860,'Feminino','1966-01-19'),(10141861,'Feminino','1957-03-27'),(10141862,'Feminino','1985-10-23'),(10141863,'Feminino','1985-02-08'),(10141864,'Feminino','1994-07-11'),(10141865,'Feminino','1960-10-26'),(10141866,'Feminino','1978-04-20'),(10141867,'Feminino','1963-07-05'),(10141868,'Feminino','1977-05-22'),(10141869,'Feminino','1991-07-10'),(10141870,'Feminino','1950-11-05'),(10141871,'Feminino','1955-12-29'),(10141872,'Feminino','1961-12-11'),(10141873,'Feminino','1956-10-10'),(10141874,'Feminino','1979-05-15'),(10141875,'Feminino','1996-10-28'),(10141876,'Feminino','1972-12-20'),(10141877,'Feminino','1963-05-24'),(10141878,'Feminino','1975-06-08'),(10141879,'Feminino','1991-05-18'),(10141880,'Masculino','1997-08-13'),(10141881,'Masculino','1974-01-06'),(10141882,'Feminino','1971-01-22'),(10141883,'Feminino','1981-03-22'),(10141884,'Feminino','1991-01-30'),(10141885,'Feminino','1992-10-25'),(10141886,'Feminino','1996-10-09'),(10141887,'Feminino','1979-12-23'),(10141888,'Feminino','1983-12-27'),(10141889,'Feminino','1975-07-10'),(10141890,'Feminino','1989-09-09'),(10141891,'Feminino','1998-06-06'),(10141892,'Masculino','1965-07-13'),(10141893,'Feminino','1965-07-07'),(10141894,'Feminino','1990-08-11'),(10141895,'Feminino','1954-08-24'),(10141896,'Feminino','1970-04-12'),(10141897,'Feminino','1978-12-10'),(10141898,'Masculino','1974-04-03'),(10141899,'Masculino','1969-09-18'),(10141900,'Feminino','1970-12-03'),(10141901,'Feminino','1998-01-15'),(10141902,'Feminino','1955-10-27'),(10141903,'Feminino','1978-02-26'),(10141904,'Feminino','1971-11-11'),(10141905,'Feminino','1977-11-09'),(10141906,'Feminino','1972-08-29'),(10141907,'Feminino','1969-11-01'),(10141908,'Feminino','1982-10-14'),(10141909,'Feminino','1960-08-08'),(10141910,'Feminino','1992-12-15'),(10141911,'Feminino','1982-08-02'),(10141912,'Feminino','1954-04-13'),(10141913,'Feminino','1996-02-07'),(10141914,'Masculino','1980-10-21'),(10141915,'Masculino','1986-02-10'),(10141916,'Masculino','1974-07-11'),(10141917,'Feminino','1992-07-23'),(10141918,'Feminino','1985-05-10'),(10141919,'Feminino','1993-06-22'),(10141920,'Feminino','1956-10-05'),(10141921,'Feminino','1966-09-01'),(10141922,'Masculino','1973-07-24'),(10141923,'Feminino','1978-03-26'),(10141924,'Feminino','1971-02-06'),(10141925,'Feminino','1998-01-03'),(10141926,'Feminino','1990-06-26'),(10141927,'Feminino','1996-04-23'),(10141928,'Feminino','1971-08-07'),(10141929,'Feminino','1995-12-11'),(10141930,'Feminino','1986-07-07'),(10141931,'Feminino','1965-08-11'),(10141932,'Feminino','1959-05-30'),(10141933,'Feminino','1962-09-06'),(10141934,'Feminino','1954-09-02'),(10141935,'Feminino','1970-03-24'),(10141936,'Feminino','1956-10-10'),(10141937,'Feminino','1979-06-29'),(10141938,'Feminino','1957-03-05'),(10141939,'Feminino','1999-09-12'),(10141940,'Feminino','1998-10-13'),(10141941,'Feminino','1966-11-16'),(10141942,'Feminino','1950-03-04'),(10141943,'Feminino','1966-01-27'),(10141944,'Feminino','1969-08-16'),(10141945,'Feminino','1953-10-30'),(10141946,'Feminino','1979-03-22'),(10141947,'Masculino','1951-06-05'),(10141948,'Masculino','1963-12-15'),(10141949,'Masculino','1993-09-15'),(10141950,'Feminino','1956-05-20'),(10141951,'Feminino','1988-01-29'),(10141952,'Feminino','1955-05-17'),(10141953,'Feminino','1966-06-01'),(10141954,'Feminino','1961-02-17'),(10141955,'Feminino','1973-12-26'),(10141956,'Feminino','1975-04-03'),(10141957,'Feminino','1985-05-13'),(10141958,'Feminino','1984-11-25'),(10141959,'Feminino','1983-03-08'),(10141960,'Feminino','1976-08-09'),(10141961,'Feminino','1950-12-02'),(10141962,'Feminino','1955-02-04'),(10141963,'Feminino','1968-01-29'),(10141964,'Feminino','1963-03-04'),(10141965,'Feminino','1984-06-21'),(10141966,'Feminino','1969-02-27'),(10141967,'Feminino','1967-06-09'),(10141968,'Feminino','1999-10-13'),(10141969,'Feminino','1985-03-17'),(10141970,'Feminino','1982-02-25'),(10141971,'Feminino','1965-04-19'),(10141972,'Masculino','1998-08-10'),(10141973,'Feminino','1955-10-23'),(10141974,'Feminino','1970-11-04'),(10141975,'Feminino','1990-07-29'),(10141976,'Feminino','1967-09-14'),(10141977,'Feminino','1980-10-31'),(10141978,'Feminino','1991-11-10'),(10141979,'Feminino','1977-03-13'),(10141980,'Feminino','1962-10-10'),(10141981,'Feminino','1983-10-28'),(10141982,'Masculino','1994-07-16'),(10141983,'Masculino','1957-07-28'),(10141984,'Masculino','1963-09-16'),(10141985,'Feminino','1978-05-26'),(10141986,'Feminino','1986-07-07'),(10141987,'Feminino','1978-04-23'),(10141988,'Feminino','1998-07-06'),(10141989,'Feminino','1993-01-30'),(10141990,'Feminino','1982-12-05'),(10141991,'Feminino','1976-09-22'),(10141992,'Feminino','1981-09-17'),(10141993,'Feminino','1990-06-23'),(10141994,'Feminino','1958-12-01'),(10141995,'Feminino','1985-08-27'),(10141996,'Feminino','1973-03-13'),(10141997,'Feminino','1996-11-04'),(10141998,'Feminino','1994-10-18'),(10141999,'Feminino','1955-09-14'),(10142000,'Feminino','1980-06-28'),(10142001,'Feminino','1997-05-07'),(10142002,'Feminino','1972-01-23'),(10142003,'Feminino','1987-05-04'),(10142004,'Feminino','1983-04-14'),(10142005,'Feminino','1963-10-29'),(10142006,'Feminino','1978-01-08'),(10142007,'Feminino','1980-02-11'),(10142008,'Feminino','1961-02-16'),(10142009,'Feminino','1995-11-06'),(10142010,'Feminino','1981-08-03'),(10142011,'Feminino','1979-04-12'),(10142012,'Feminino','1973-09-22'),(10142013,'Feminino','1973-03-23'),(10142014,'Feminino','1989-08-08'),(10142015,'Masculino','1966-05-18'),(10142016,'Masculino','1988-09-25'),(10142017,'Masculino','1966-04-28'),(10142018,'Feminino','1964-01-17'),(10142019,'Feminino','1996-02-03'),(10142020,'Feminino','1973-08-02'),(10142021,'Feminino','1961-01-28'),(10142022,'Feminino','1989-02-13'),(10142023,'Feminino','1995-09-19'),(10142024,'Feminino','1955-04-11'),(10142025,'Feminino','1968-04-22'),(10142026,'Feminino','1976-02-10'),(10142027,'Feminino','1957-01-07'),(10142028,'Feminino','1967-02-19'),(10142029,'Feminino','1977-09-16'),(10142030,'Feminino','1997-11-29'),(10142031,'Feminino','1961-01-23'),(10142032,'Feminino','1991-10-17'),(10142033,'Feminino','1986-08-04'),(10142034,'Feminino','1968-11-14'),(10142035,'Feminino','1976-10-17'),(10142036,'Feminino','1965-04-19'),(10142037,'Feminino','1977-08-18'),(10142038,'Feminino','1956-01-29'),(10142039,'Feminino','1956-02-23'),(10142040,'Feminino','1978-09-11'),(10142041,'Masculino','1977-07-27'),(10142042,'Masculino','1976-05-05'),(10142043,'Masculino','1999-05-30'),(10142044,'Feminino','1999-08-10'),(10142045,'Feminino','1959-06-02'),(10142046,'Masculino','1999-03-03'),(10142047,'Feminino','1996-11-08'),(10142048,'Masculino','1956-12-24'),(10142049,'Masculino','1978-07-22'),(10142050,'Masculino','1950-11-20'),(10142051,'Feminino','1973-09-24'),(10142052,'Feminino','1960-02-14'),(10142053,'Feminino','1968-10-21'),(10142054,'Feminino','1956-11-16'),(10142055,'Masculino','1985-07-02'),(10142056,'Feminino','1973-06-12'),(10142057,'Masculino','1989-05-11'),(10142058,'Masculino','1988-10-29'),(10142059,'Masculino','1969-02-13'),(10142060,'Feminino','1995-12-05'),(10142061,'Masculino','1953-07-22'),(10142062,'Feminino','1971-08-11'),(10142063,'Masculino','1967-11-18'),(10142064,'Feminino','1999-11-07'),(10142065,'Masculino','1974-05-26'),(10142066,'Feminino','1978-06-17'),(10142067,'Feminino','1974-03-17'),(10142068,'Feminino','1993-07-12'),(10142069,'Feminino','1968-08-13'),(10142070,'Masculino','1989-01-15'),(10142071,'Masculino','1989-03-10'),(10142072,'Masculino','1960-02-29'),(10142073,'Masculino','1950-03-02'),(10142074,'Masculino','1976-12-26'),(10142075,'Masculino','1976-04-30'),(10142076,'Masculino','1998-08-24'),(10142077,'Masculino','1993-12-23'),(10142078,'Feminino','1991-08-21'),(10142079,'Masculino','1982-12-01'),(10142080,'Masculino','1960-04-11'),(10142081,'Masculino','1985-03-06'),(10142082,'Masculino','1985-06-08'),(10142083,'Masculino','1959-02-22'),(10142084,'Masculino','1953-06-25'),(10142085,'Masculino','1959-01-07'),(10142086,'Feminino','1970-12-24'),(10142087,'Masculino','1950-07-24'),(10142088,'Masculino','1985-04-03'),(10142089,'Feminino','1970-03-23'),(10142090,'Masculino','1997-09-05'),(10142091,'Masculino','1976-07-29'),(10142092,'Masculino','1989-07-19'),(10142093,'Masculino','1986-09-03'),(10142094,'Masculino','1971-08-16'),(10142095,'Masculino','1951-07-25'),(10142096,'Feminino','1974-06-28'),(10142097,'Feminino','1962-12-29'),(10142098,'Feminino','1995-06-27'),(10142099,'Feminino','1968-04-09'),(10142100,'Feminino','1951-05-06'),(10142101,'Feminino','1955-07-17'),(10142102,'Feminino','1962-07-14'),(10142103,'Feminino','1999-01-28'),(10142104,'Feminino','1999-09-22'),(10142105,'Masculino','1950-09-05'),(10142106,'Masculino','1956-01-15'),(10142107,'Masculino','1985-11-23'),(10142108,'Masculino','1954-09-05'),(10142109,'Masculino','1998-05-24'),(10142110,'Masculino','1974-02-12'),(10142111,'Feminino','1981-06-29'),(10142112,'Masculino','1997-07-07'),(10142113,'Feminino','1989-01-24'),(10142114,'Feminino','1992-02-11'),(10142115,'Masculino','1998-10-17'),(10142116,'Masculino','1961-08-14'),(10142117,'Masculino','1988-04-23'),(10142118,'Feminino','1954-03-14'),(10142119,'Feminino','1969-08-27'),(10142120,'Feminino','1976-05-05'),(10142121,'Feminino','1986-05-09'),(10142122,'Feminino','1981-01-16'),(10142123,'Feminino','1988-05-27'),(10142124,'Feminino','1977-10-21'),(10142125,'Feminino','1981-08-13'),(10142126,'Masculino','1965-11-11'),(10142127,'Masculino','1998-08-02'),(10142128,'Masculino','1983-04-08'),(10142129,'Feminino','1982-11-10'),(10142130,'Feminino','1995-06-25'),(10142131,'Masculino','1990-07-03'),(10142132,'Feminino','1981-09-09'),(10142133,'Masculino','1971-10-27'),(10142134,'Masculino','1994-01-17'),(10142135,'Feminino','1985-12-09'),(10142136,'Masculino','1962-08-29'),(10142137,'Masculino','1971-04-04'),(10142138,'Feminino','1950-02-05'),(10142139,'Feminino','1951-06-07'),(10142140,'Feminino','1970-06-18'),(10142141,'Masculino','1958-07-12'),(10142142,'Masculino','1984-05-30'),(10142143,'Masculino','1996-12-19'),(10142144,'Masculino','1961-05-20'),(10142145,'Masculino','1998-08-01'),(10142146,'Masculino','1991-04-08'),(10142147,'Masculino','1956-04-16'),(10142148,'Feminino','1975-04-02'),(10142149,'Masculino','1954-12-08'),(10142150,'Masculino','1967-05-29'),(10142151,'Masculino','1971-12-12'),(10142152,'Masculino','1956-01-14'),(10142153,'Masculino','1966-07-07'),(10142154,'Masculino','1953-06-03'),(10142155,'Masculino','1955-09-09'),(10142156,'Masculino','1989-05-02'),(10142157,'Masculino','1957-06-13'),(10142158,'Masculino','1954-02-15'),(10142159,'Masculino','1969-04-08'),(10142160,'Masculino','1996-03-13'),(10142161,'Masculino','1973-09-21'),(10142162,'Masculino','1965-07-12'),(10142163,'Masculino','1983-02-19'),(10142164,'Masculino','1982-01-02'),(10142165,'Masculino','1985-06-09'),(10142166,'Masculino','1998-12-06'),(10142167,'Masculino','1953-04-20'),(10142168,'Masculino','1993-07-20'),(10142169,'Masculino','1992-10-20'),(10142170,'Masculino','1953-01-13'),(10142171,'Masculino','1970-09-25'),(10142172,'Masculino','1963-05-10'),(10142173,'Masculino','1980-07-27'),(10142174,'Masculino','1979-06-07'),(10142175,'Masculino','1999-04-28'),(10142176,'Masculino','1981-02-21'),(10142177,'Masculino','1963-10-21'),(10142178,'Masculino','1997-03-09'),(10142179,'Masculino','1950-01-31'),(10142180,'Masculino','1967-02-24'),(10142181,'Masculino','1998-07-29'),(10142182,'Masculino','1978-07-19'),(10142183,'Masculino','1977-02-03'),(10142184,'Masculino','1990-02-04'),(10142185,'Masculino','1991-01-09'),(10142186,'Masculino','1999-06-14'),(10142187,'Masculino','1956-10-22'),(10142188,'Masculino','1990-06-21'),(10142189,'Masculino','1963-06-02'),(10142190,'Masculino','1965-04-01'),(10142191,'Masculino','1990-08-13'),(10142192,'Masculino','1960-03-15'),(10142193,'Masculino','1988-04-22'),(10142194,'Masculino','1962-09-24'),(10142195,'Masculino','1958-01-26'),(10142196,'Masculino','1969-08-16'),(10142197,'Masculino','1966-02-22'),(10142198,'Masculino','1980-10-06'),(10142199,'Masculino','1958-10-24'),(10142200,'Masculino','1950-06-09'),(10142201,'Masculino','1959-07-23'),(10142202,'Masculino','1999-10-22'),(10142203,'Masculino','1990-05-08'),(10142204,'Masculino','1980-03-09'),(10142205,'Masculino','1987-07-20'),(10142206,'Masculino','1997-09-29'),(10142207,'Masculino','1999-01-31'),(10142208,'Masculino','1964-05-03'),(10142209,'Masculino','1981-05-11'),(10142210,'Masculino','1989-01-21'),(10142211,'Masculino','1995-12-16'),(10142212,'Masculino','1995-05-04'),(10142213,'Masculino','1963-08-15'),(10142214,'Masculino','1974-02-21'),(10142215,'Masculino','1953-12-01'),(10142216,'Masculino','1996-10-22'),(10142217,'Masculino','1956-06-04'),(10142218,'Masculino','1958-03-11'),(10142219,'Masculino','1971-08-01'),(10142220,'Masculino','1950-04-22'),(10142221,'Masculino','1954-12-10'),(10142222,'Masculino','1996-06-20'),(10142223,'Masculino','1977-02-24'),(10142224,'Masculino','1975-10-18'),(10142225,'Masculino','1973-11-03'),(10142226,'Masculino','1957-10-01'),(10142227,'Masculino','1989-03-29'),(10142228,'Masculino','1969-02-23'),(10142229,'Masculino','1991-06-07'),(10142230,'Masculino','1989-12-15'),(10142231,'Masculino','1992-12-30'),(10142232,'Masculino','1983-01-09'),(10142233,'Masculino','1993-05-15'),(10142234,'Masculino','1953-10-21'),(10142235,'Masculino','1988-04-02'),(10142236,'Masculino','1957-04-29'),(10142237,'Masculino','1951-08-15'),(10142238,'Masculino','1977-04-11'),(10142239,'Masculino','1995-04-13'),(10142240,'Masculino','1951-08-06'),(10142241,'Masculino','1968-05-27'),(10142242,'Feminino','1994-07-03'),(10142243,'Masculino','1998-04-20'),(10142244,'Masculino','1972-04-03'),(10142245,'Masculino','1997-09-04'),(10142246,'Masculino','1998-07-14'),(10142247,'Masculino','1971-01-23'),(10142248,'Masculino','1954-02-05'),(10142249,'Masculino','1992-04-24'),(10142250,'Masculino','1989-04-11'),(10142251,'Masculino','1951-11-21'),(10142252,'Masculino','1990-10-25'),(10142253,'Masculino','1997-01-16'),(10142254,'Masculino','1986-01-28'),(10142255,'Masculino','1998-05-25'),(10142256,'Masculino','1964-03-23'),(10142257,'Masculino','1951-11-06'),(10142258,'Masculino','1971-01-17'),(10142259,'Masculino','1984-04-21'),(10142260,'Masculino','1985-08-01'),(10142261,'Masculino','1956-07-27'),(10142262,'Masculino','1988-12-09'),(10142263,'Masculino','1962-11-27'),(10142264,'Masculino','1962-08-20'),(10142265,'Masculino','1994-02-11'),(10142266,'Feminino','1952-03-13'),(10142267,'Masculino','1962-03-29'),(10142268,'Masculino','1969-02-16'),(10142269,'Masculino','1969-09-01'),(10142270,'Masculino','1957-11-04'),(10142271,'Masculino','1965-05-23'),(10142272,'Masculino','1979-04-23'),(10142273,'Masculino','1953-09-29'),(10142274,'Masculino','1988-10-30'),(10142275,'Masculino','1981-03-17'),(10142276,'Masculino','1955-10-28'),(10142277,'Masculino','1961-09-13'),(10142278,'Masculino','1994-03-08'),(10142279,'Masculino','1950-10-12'),(10142280,'Masculino','1963-08-06'),(10142281,'Masculino','1992-01-21'),(10142282,'Masculino','1962-04-22'),(10142283,'Masculino','1997-01-14'),(10142284,'Masculino','1971-05-02'),(10142285,'Feminino','1958-09-28'),(10142286,'Masculino','1966-08-31'),(10142287,'Masculino','1958-04-08'),(10142288,'Masculino','1979-03-31'),(10142289,'Masculino','1990-02-17'),(10142290,'Masculino','1985-12-25'),(10142291,'Masculino','1998-06-14'),(10142292,'Masculino','1979-01-18'),(10142293,'Masculino','1970-02-07'),(10142294,'Masculino','1982-12-01'),(10142295,'Masculino','1978-05-26'),(10142296,'Masculino','1976-10-29'),(10142297,'Masculino','1988-09-02'),(10142298,'Masculino','1988-04-18'),(10142299,'Masculino','1978-11-08'),(10142300,'Masculino','1974-03-17'),(10142301,'Masculino','1989-10-11'),(10142302,'Masculino','1969-04-18'),(10142303,'Masculino','1996-11-17'),(10142304,'Masculino','1984-06-23'),(10142305,'Masculino','1983-02-06'),(10142306,'Masculino','1959-03-18'),(10142307,'Masculino','1954-12-06'),(10142308,'Masculino','1970-09-19'),(10142309,'Masculino','1983-09-04'),(10142310,'Masculino','1978-08-22'),(10142311,'Masculino','1993-11-26'),(10142312,'Masculino','1952-04-19'),(10142313,'Masculino','1967-09-19'),(10142314,'Masculino','1961-03-07'),(10142315,'Masculino','1999-10-20'),(10142316,'Masculino','1971-05-29'),(10142317,'Masculino','1954-07-08'),(10142318,'Masculino','1992-01-06'),(10142319,'Masculino','1988-08-19'),(10142320,'Masculino','1994-10-04'),(10142321,'Masculino','1961-04-21'),(10142322,'Masculino','1982-05-30'),(10142323,'Masculino','1980-06-26'),(10142324,'Masculino','1989-06-25'),(10142325,'Masculino','1965-10-18'),(10142326,'Masculino','1999-12-14'),(10142327,'Masculino','1959-11-05'),(10142328,'Masculino','1978-09-05'),(10142329,'Masculino','1950-07-18'),(10142330,'Masculino','1982-03-16'),(10142331,'Masculino','1990-08-16'),(10142332,'Masculino','1998-06-23'),(10142333,'Masculino','1951-02-26'),(10142334,'Masculino','1973-09-02'),(10142335,'Masculino','1951-05-01'),(10142336,'Masculino','1987-07-24'),(10142337,'Masculino','1969-01-22'),(10142338,'Masculino','1983-02-11'),(10142339,'Masculino','1987-02-13'),(10142340,'Masculino','1951-04-07'),(10142341,'Masculino','1998-07-19'),(10142342,'Masculino','1950-02-28'),(10142343,'Masculino','1954-08-16'),(10142344,'Masculino','1998-04-05'),(10142345,'Masculino','1974-08-16'),(10142346,'Masculino','1996-01-29'),(10142347,'Masculino','1956-11-01'),(10142348,'Masculino','1959-06-10'),(10142349,'Masculino','1971-12-18'),(10142350,'Masculino','1968-08-21'),(10142351,'Masculino','1965-11-14'),(10142352,'Masculino','1953-06-15'),(10142353,'Masculino','1978-10-19'),(10142354,'Masculino','1990-07-16'),(10142355,'Masculino','1999-06-11'),(10142356,'Masculino','1996-05-02'),(10142357,'Masculino','1987-02-27'),(10142358,'Masculino','1980-04-11'),(10142359,'Masculino','1990-11-14'),(10142360,'Masculino','1974-03-11'),(10142361,'Masculino','1950-09-24'),(10142362,'Masculino','1973-02-27'),(10142363,'Masculino','1978-06-27'),(10142364,'Masculino','1985-12-22'),(10142365,'Masculino','1991-12-18'),(10142366,'Masculino','1967-04-26'),(10142367,'Masculino','1973-01-21'),(10142368,'Masculino','1964-05-23'),(10142369,'Masculino','1954-11-01'),(10142370,'Masculino','1981-01-22'),(10142371,'Masculino','1950-05-04'),(10142372,'Masculino','1966-01-08'),(10142373,'Masculino','1983-04-22'),(10142374,'Masculino','1970-08-29'),(10142375,'Masculino','1972-05-04'),(10142376,'Masculino','1950-04-15'),(10142377,'Masculino','1990-07-04'),(10142378,'Masculino','1958-12-02'),(10142379,'Masculino','1978-02-27'),(10142380,'Masculino','1997-12-30'),(10142381,'Masculino','1963-04-21'),(10142382,'Masculino','1971-12-12'),(10142383,'Masculino','1957-01-16'),(10142384,'Masculino','1990-10-24'),(10142385,'Masculino','1968-08-18'),(10142386,'Masculino','1974-04-22'),(10142387,'Masculino','1996-07-12'),(10142388,'Masculino','1984-09-09'),(10142389,'Masculino','1995-08-16'),(10142390,'Masculino','1998-03-22'),(10142391,'Masculino','1968-10-05'),(10142392,'Masculino','1971-07-29'),(10142393,'Masculino','1970-09-18'),(10142394,'Masculino','1980-09-21'),(10142395,'Masculino','1983-11-12'),(10142396,'Masculino','1977-12-11'),(10142397,'Masculino','1967-08-18'),(10142398,'Masculino','1998-12-01'),(10142399,'Masculino','1999-10-20'),(10142400,'Masculino','1974-08-23'),(10142401,'Masculino','1954-06-13'),(10142402,'Masculino','1995-07-05'),(10142403,'Masculino','1989-06-02'),(10142404,'Masculino','1997-06-07'),(10142405,'Masculino','1982-07-30'),(10142406,'Masculino','1956-02-13'),(10142407,'Masculino','1976-04-07'),(10142408,'Masculino','1964-12-31'),(10142409,'Masculino','1953-10-26'),(10142410,'Masculino','1997-09-29'),(10142411,'Masculino','1958-02-04'),(10142412,'Masculino','1963-08-01'),(10142413,'Masculino','1980-08-01'),(10142414,'Feminino','1990-07-08'),(10142415,'Masculino','1987-06-30'),(10142416,'Masculino','1996-05-07'),(10142417,'Masculino','1983-03-25'),(10142418,'Masculino','1995-05-04'),(10142419,'Masculino','1969-03-11'),(10142420,'Masculino','1952-04-08'),(10142421,'Masculino','1976-09-05'),(10142422,'Masculino','1993-04-09'),(10142423,'Masculino','1982-01-11'),(10142424,'Masculino','1974-05-28'),(10142425,'Masculino','1976-12-05'),(10142426,'Masculino','1957-05-07'),(10142427,'Masculino','1989-05-12'),(10142428,'Masculino','1976-01-28'),(10142429,'Masculino','1969-09-18'),(10142430,'Masculino','1954-02-20'),(10142431,'Masculino','1994-04-11'),(10142432,'Masculino','1983-01-28'),(10142433,'Masculino','1976-02-04'),(10142434,'Masculino','1979-11-28'),(10142435,'Masculino','1953-10-28'),(10142436,'Masculino','1971-03-05'),(10142437,'Masculino','1951-01-05'),(10142438,'Masculino','1968-08-04'),(10142439,'Masculino','1970-05-17'),(10142440,'Masculino','1977-11-24'),(10142441,'Masculino','1995-10-24'),(10142442,'Masculino','1967-04-18'),(10142443,'Masculino','1952-07-10'),(10142444,'Masculino','1953-07-21'),(10142445,'Masculino','1976-10-01'),(10142446,'Masculino','1973-08-04'),(10142447,'Masculino','1998-09-09'),(10142448,'Masculino','1965-08-31'),(10142449,'Masculino','1969-12-09'),(10142450,'Masculino','1986-03-15'),(10142451,'Masculino','1957-09-28'),(10142452,'Masculino','1984-09-24'),(10142453,'Masculino','1981-03-22'),(10142454,'Masculino','1972-05-19'),(10142455,'Masculino','1993-06-03'),(10142456,'Masculino','1951-05-04'),(10142457,'Masculino','1978-11-26'),(10142458,'Masculino','1954-03-28'),(10142459,'Masculino','1952-01-03'),(10142460,'Masculino','1961-10-17'),(10142461,'Masculino','1957-01-27'),(10142462,'Masculino','1981-10-12'),(10142463,'Masculino','1989-05-17'),(10142464,'Masculino','1967-12-26'),(10142465,'Masculino','1998-10-15'),(10142466,'Masculino','1969-01-19'),(10142467,'Masculino','1971-04-29'),(10142468,'Masculino','1994-09-23'),(10142469,'Masculino','1982-09-23'),(10142470,'Masculino','1963-09-10'),(10142471,'Masculino','1979-02-23'),(10142472,'Masculino','1977-11-21'),(10142473,'Masculino','1959-07-21'),(10142474,'Masculino','1965-09-21'),(10142475,'Masculino','1955-05-30'),(10142476,'Masculino','1974-11-15'),(10142477,'Masculino','1992-11-02'),(10142478,'Masculino','1966-12-24'),(10142479,'Masculino','1966-09-04'),(10142480,'Masculino','1984-07-25'),(10142481,'Masculino','1980-03-14'),(10142482,'Masculino','1961-04-14'),(10142483,'Masculino','1974-11-03'),(10142484,'Masculino','1980-09-26'),(10142485,'Masculino','1993-10-28'),(10142486,'Masculino','1950-10-06'),(10142487,'Masculino','1996-06-28'),(10142488,'Masculino','1984-03-11'),(10142489,'Masculino','1974-10-27'),(10142490,'Masculino','1977-02-12'),(10142491,'Masculino','1954-06-10'),(10142492,'Masculino','1973-05-25'),(10142493,'Masculino','1974-12-21'),(10142494,'Masculino','1970-07-01'),(10142495,'Masculino','1965-12-15'),(10142496,'Masculino','1978-11-07'),(10142497,'Masculino','1950-05-14'),(10142498,'Masculino','1974-04-12'),(10142499,'Masculino','1973-12-31'),(10142500,'Masculino','1984-12-24'),(10142501,'Masculino','1977-06-19'),(10142502,'Masculino','1972-10-11'),(10142503,'Masculino','1971-10-11'),(10142504,'Masculino','1993-10-31'),(10142505,'Masculino','1999-07-18'),(10142506,'Masculino','1958-03-25'),(10142507,'Masculino','1980-03-24'),(10142508,'Masculino','1984-08-21'),(10142509,'Masculino','1977-09-02'),(10142510,'Masculino','1995-08-19'),(10142511,'Masculino','1971-11-01'),(10142512,'Masculino','1979-11-09'),(10142513,'Masculino','1976-04-14'),(10142514,'Masculino','1968-11-10'),(10142515,'Masculino','1980-10-15'),(10142516,'Masculino','1978-08-04'),(10142517,'Masculino','1960-07-19'),(10142518,'Masculino','1966-12-21'),(10142519,'Masculino','1992-12-23'),(10142520,'Masculino','1994-05-09'),(10142521,'Masculino','1973-09-13'),(10142522,'Masculino','1954-12-22'),(10142523,'Masculino','1964-10-19'),(10142524,'Masculino','1962-08-25'),(10142525,'Masculino','1957-01-17'),(10142526,'Masculino','1992-02-04'),(10142527,'Masculino','1968-08-11'),(10142528,'Masculino','1983-12-07'),(10142529,'Masculino','1986-07-04'),(10142530,'Masculino','1982-07-31'),(10142531,'Masculino','1973-02-11'),(10142532,'Masculino','1950-08-19'),(10142533,'Masculino','1958-03-06'),(10142534,'Masculino','1980-09-26'),(10142535,'Masculino','1995-11-05'),(10142536,'Masculino','1996-11-03'),(10142537,'Masculino','1994-08-20'),(10142538,'Masculino','1977-09-12'),(10142539,'Masculino','1962-09-07'),(10142540,'Masculino','1980-06-12'),(10142541,'Masculino','1958-09-19'),(10142542,'Masculino','1976-11-18'),(10142543,'Masculino','1974-05-27'),(10142544,'Masculino','1993-04-27'),(10142545,'Masculino','1960-12-27'),(10142546,'Masculino','1971-06-04'),(10142547,'Masculino','1985-12-07'),(10142548,'Masculino','1973-08-02'),(10142549,'Masculino','1951-11-08'),(10142550,'Masculino','1972-02-10'),(10142551,'Masculino','1953-07-05'),(10142552,'Masculino','1982-06-27'),(10142553,'Masculino','1974-10-21'),(10142554,'Masculino','1951-03-11'),(10142555,'Masculino','1954-09-05'),(10142556,'Masculino','1967-01-11'),(10142557,'Masculino','1972-01-06'),(10142558,'Masculino','1952-01-06'),(10142559,'Masculino','1955-11-03'),(10142560,'Masculino','1983-06-25'),(10142561,'Masculino','1992-01-12'),(10142562,'Masculino','1963-03-06'),(10142563,'Masculino','1962-11-24'),(10142564,'Masculino','1979-02-11'),(10142565,'Masculino','1974-06-09'),(10142566,'Masculino','1972-12-14'),(10142567,'Masculino','1972-01-24'),(10142568,'Masculino','1997-12-17'),(10142569,'Masculino','1953-05-05'),(10142570,'Masculino','1966-12-12'),(10142571,'Masculino','1970-02-18'),(10142572,'Masculino','1963-02-08'),(10142573,'Masculino','1990-05-24'),(10142574,'Masculino','1999-05-03'),(10142575,'Masculino','1953-06-17'),(10142576,'Masculino','1982-09-24'),(10142577,'Masculino','1971-10-06'),(10142578,'Masculino','1991-08-03'),(10142579,'Masculino','1994-07-23'),(10142580,'Masculino','1994-04-22'),(10142581,'Masculino','1966-04-23'),(10142582,'Masculino','1972-05-27'),(10142583,'Masculino','1983-09-09'),(10142584,'Masculino','1985-12-24'),(10142585,'Masculino','1982-11-24'),(10142586,'Masculino','1989-07-13'),(10142587,'Masculino','1987-01-22'),(10142588,'Masculino','1993-10-03'),(10142589,'Masculino','1995-03-09'),(10142590,'Masculino','1959-05-20'),(10142591,'Masculino','1997-03-05'),(10142592,'Masculino','1964-09-05'),(10142593,'Masculino','1994-11-29'),(10142594,'Masculino','1997-10-07'),(10142595,'Masculino','1956-01-06'),(10142596,'Masculino','1973-09-13'),(10142597,'Masculino','1981-07-18'),(10142598,'Masculino','1953-09-27'),(10142599,'Masculino','1984-04-12'),(10142600,'Masculino','1973-08-30'),(10142601,'Masculino','1976-09-19'),(10142602,'Masculino','1976-05-22'),(10142603,'Feminino','1998-06-10'),(10142604,'Feminino','1952-01-28'),(10142605,'Feminino','1969-05-26'),(10142606,'Feminino','1950-07-29'),(10142607,'Feminino','1963-10-10'),(10142608,'Feminino','1995-11-21'),(10142609,'Feminino','1979-11-02'),(10142610,'Feminino','1969-08-26'),(10142611,'Feminino','1956-01-22'),(10142612,'Feminino','1952-05-11'),(10142613,'Feminino','1985-01-11'),(10142614,'Masculino','1953-05-13'),(10142615,'Masculino','1987-08-19'),(10142616,'Masculino','1994-03-22'),(10142617,'Masculino','1974-03-10'),(10142618,'Masculino','1997-09-05'),(10142619,'Masculino','1962-08-15'),(10142620,'Feminino','1957-03-10'),(10142621,'Feminino','1981-11-18'),(10142622,'Feminino','1957-08-10'),(10142623,'Feminino','1970-06-28'),(10142624,'Feminino','1956-07-20'),(10142625,'Feminino','1957-10-01'),(10142626,'Feminino','1957-11-11'),(10142627,'Masculino','1979-07-24'),(10142628,'Feminino','1954-04-20'),(10142629,'Feminino','1953-08-25'),(10142630,'Feminino','1988-10-21'),(10142631,'Feminino','1977-06-08'),(10142632,'Feminino','1993-02-24'),(10142633,'Feminino','1981-03-22'),(10142634,'Feminino','1967-04-30'),(10142635,'Feminino','1953-04-05'),(10142636,'Feminino','1968-10-12'),(10142637,'Feminino','1951-09-09'),(10142638,'Feminino','1982-03-03'),(10142639,'Feminino','1964-12-25'),(10142640,'Feminino','1987-07-06'),(10142641,'Feminino','1954-02-23'),(10142642,'Masculino','1981-05-25'),(10142643,'Feminino','1993-01-20'),(10142644,'Feminino','1999-09-22'),(10142645,'Feminino','1989-08-10'),(10142646,'Feminino','1994-05-27'),(10142647,'Feminino','1989-05-17'),(10142648,'Feminino','1953-05-12'),(10142649,'Feminino','1987-05-24'),(10142650,'Feminino','1954-07-26'),(10142651,'Masculino','1956-02-27'),(10142652,'Masculino','1966-11-04'),(10142653,'Masculino','1979-09-23'),(10142654,'Feminino','1969-08-05'),(10142655,'Feminino','1964-02-04'),(10142656,'Feminino','1980-12-19'),(10142657,'Masculino','1989-01-27'),(10142658,'Masculino','1965-08-02'),(10142659,'Masculino','1979-12-08'),(10142660,'Masculino','1993-06-14'),(10142661,'Masculino','1971-12-24'),(10142662,'Masculino','1954-09-24'),(10142663,'Masculino','1960-09-29'),(10142664,'Masculino','1971-12-31'),(10142665,'Masculino','1960-12-18'),(10142666,'Masculino','1992-10-13'),(10142667,'Masculino','1965-12-31'),(10142668,'Masculino','1998-04-27'),(10142669,'Masculino','1954-05-03'),(10142670,'Masculino','1969-09-28'),(10142671,'Masculino','1971-08-13'),(10142672,'Masculino','1961-03-07'),(10142673,'Masculino','1999-12-17'),(10142674,'Masculino','1951-04-21'),(10142675,'Masculino','1977-09-11'),(10142676,'Masculino','1951-05-20'),(10142677,'Masculino','1968-06-23'),(10142678,'Masculino','1971-09-10'),(10142679,'Masculino','1966-03-25'),(10142680,'Masculino','1996-09-22'),(10142681,'Masculino','1978-05-09'),(10142682,'Masculino','1992-11-25'),(10142683,'Masculino','1959-07-15'),(10142684,'Masculino','1968-06-12'),(10142685,'Masculino','1976-03-21'),(10142686,'Masculino','1956-10-22'),(10142687,'Masculino','1954-08-23'),(10142688,'Masculino','1950-02-05'),(10142689,'Masculino','1980-05-09'),(10142690,'Masculino','1974-06-10'),(10142691,'Masculino','1964-11-17'),(10142692,'Masculino','1970-11-12'),(10142693,'Masculino','1987-04-23'),(10142694,'Masculino','1993-08-06'),(10142695,'Masculino','1990-10-26'),(10142696,'Masculino','1994-06-06'),(10142697,'Masculino','1953-03-14'),(10142698,'Masculino','1973-08-29'),(10142699,'Masculino','1981-03-19'),(10142700,'Masculino','1959-08-18'),(10142701,'Masculino','1954-11-03'),(10142702,'Masculino','1984-07-18'),(10142703,'Masculino','1975-03-02'),(10142704,'Masculino','1991-05-22'),(10142705,'Masculino','1989-12-09'),(10142706,'Masculino','1980-12-19'),(10142707,'Masculino','1950-09-11'),(10142708,'Masculino','1993-09-17'),(10142709,'Masculino','1977-10-11'),(10142710,'Masculino','1968-06-26'),(10142711,'Masculino','1960-06-19'),(10142712,'Masculino','1983-01-18'),(10142713,'Masculino','1952-06-22'),(10142714,'Masculino','1997-02-13'),(10142715,'Masculino','1998-07-15'),(10142716,'Masculino','1953-03-22'),(10142717,'Masculino','1977-01-26'),(10142718,'Masculino','1987-12-11'),(10142719,'Masculino','1962-06-20'),(10142720,'Masculino','1965-09-25'),(10142721,'Masculino','1959-02-01'),(10142722,'Masculino','1972-05-31'),(10142723,'Masculino','1980-04-07'),(10142724,'Masculino','1968-10-13'),(10142725,'Masculino','1991-03-27'),(10142726,'Masculino','1987-08-05'),(10142727,'Masculino','1990-12-14'),(10142728,'Masculino','1959-08-24'),(10142729,'Masculino','1991-10-13'),(10142730,'Masculino','1981-08-06'),(10142731,'Masculino','1972-10-24'),(10142732,'Masculino','1971-09-10'),(10142733,'Masculino','1978-01-12'),(10142734,'Masculino','1957-04-18'),(10142735,'Masculino','1978-11-15'),(10142736,'Masculino','1999-04-19'),(10142737,'Masculino','1976-02-15'),(10142738,'Masculino','1967-01-14'),(10142739,'Masculino','1971-04-06'),(10142740,'Masculino','1956-04-04'),(10142741,'Masculino','1957-03-14'),(10142742,'Masculino','1987-03-22'),(10142743,'Masculino','1988-07-21'),(10142744,'Masculino','1982-04-18'),(10142745,'Masculino','1988-12-30'),(10142746,'Masculino','1963-08-12'),(10142747,'Masculino','1961-07-28'),(10142748,'Masculino','1951-09-02'),(10142749,'Masculino','1971-01-01'),(10142750,'Masculino','1954-05-31'),(10142751,'Masculino','1972-08-12'),(10142752,'Masculino','1953-03-07'),(10142753,'Masculino','1959-12-13'),(10142754,'Masculino','1982-06-21'),(10142755,'Masculino','1981-03-05'),(10142756,'Masculino','1969-05-22'),(10142757,'Masculino','1981-08-07'),(10142758,'Masculino','1958-10-27'),(10142759,'Masculino','1971-08-31'),(10142760,'Masculino','1952-09-14'),(10142761,'Masculino','1964-12-16'),(10142762,'Masculino','1957-09-21'),(10142763,'Masculino','1985-10-11'),(10142764,'Masculino','1994-11-11'),(10142765,'Masculino','1956-04-11'),(10142766,'Masculino','1974-04-06'),(10142767,'Masculino','1992-09-30'),(10142768,'Masculino','1958-08-03'),(10142769,'Masculino','1979-11-18'),(10142770,'Masculino','1982-12-25'),(10142771,'Masculino','1971-06-15'),(10142772,'Masculino','1997-01-18'),(10142773,'Masculino','1960-09-15'),(10142774,'Masculino','1964-03-17'),(10142775,'Masculino','1975-09-20'),(10142776,'Masculino','1967-08-27'),(10142777,'Masculino','1992-08-25'),(10142778,'Masculino','1970-09-26'),(10142779,'Masculino','1967-01-19'),(10142780,'Masculino','1985-02-16'),(10142781,'Masculino','1972-03-29'),(10142782,'Feminino','1976-02-06'),(10142783,'Masculino','1980-03-05'),(10142784,'Masculino','1983-02-07'),(10142785,'Masculino','1996-09-20'),(10142786,'Masculino','1960-02-19'),(10142787,'Masculino','1986-10-17'),(10142788,'Masculino','1996-12-02'),(10142789,'Masculino','1962-01-16'),(10142790,'Masculino','1963-09-16'),(10142791,'Masculino','1984-04-16'),(10142792,'Masculino','1998-04-15'),(10142793,'Masculino','1991-03-23'),(10142794,'Masculino','1985-03-09'),(10142795,'Masculino','1971-01-17'),(10142796,'Masculino','1976-09-17'),(10142797,'Masculino','1962-01-22'),(10142798,'Masculino','1984-12-14'),(10142799,'Masculino','1967-03-21'),(10142800,'Masculino','1993-02-08'),(10142801,'Masculino','1950-08-19'),(10142802,'Masculino','1992-09-24'),(10142803,'Masculino','1956-04-21'),(10142804,'Masculino','1977-11-26'),(10142805,'Masculino','1957-03-04'),(10142806,'Masculino','1990-01-28'),(10142807,'Masculino','1989-07-28'),(10142808,'Masculino','1967-02-24'),(10142809,'Masculino','1986-04-06'),(10142810,'Masculino','1960-06-22'),(10142811,'Masculino','1986-09-30'),(10142812,'Masculino','1961-10-11'),(10142813,'Masculino','1989-08-28'),(10142814,'Masculino','1998-08-10'),(10142815,'Masculino','1962-03-21'),(10142816,'Masculino','1979-09-08'),(10142817,'Masculino','1967-07-19'),(10142818,'Masculino','1986-07-07'),(10142819,'Masculino','1951-02-19'),(10142820,'Masculino','1983-07-05'),(10142821,'Masculino','1958-06-22'),(10142822,'Masculino','1980-12-03'),(10142823,'Masculino','1981-10-18'),(10142824,'Masculino','1963-01-04'),(10142825,'Masculino','1989-04-30'),(10142826,'Masculino','1990-12-27'),(10142827,'Masculino','1970-02-15'),(10142828,'Masculino','1961-12-12'),(10142829,'Masculino','1979-12-25'),(10142830,'Masculino','1957-01-11'),(10142831,'Masculino','1995-11-12'),(10142832,'Masculino','1967-08-17'),(10142833,'Masculino','1978-10-23'),(10142834,'Masculino','1998-12-11'),(10142835,'Masculino','1997-07-31'),(10142836,'Masculino','1988-10-24'),(10142837,'Masculino','1950-05-30'),(10142838,'Masculino','1982-08-06'),(10142839,'Masculino','1987-02-08'),(10142840,'Masculino','1989-08-19'),(10142841,'Masculino','1983-11-30'),(10142842,'Masculino','1993-06-01'),(10142843,'Masculino','1992-02-10'),(10142844,'Masculino','1975-03-21'),(10142845,'Masculino','1957-06-10'),(10142846,'Masculino','1996-09-06'),(10142847,'Masculino','1957-10-25'),(10142848,'Masculino','1957-02-02'),(10142849,'Masculino','1951-03-09'),(10142850,'Masculino','1981-03-05'),(10142851,'Masculino','1982-12-22'),(10142852,'Masculino','1990-11-20'),(10142853,'Masculino','1970-09-28'),(10142854,'Masculino','1981-01-24'),(10142855,'Masculino','1994-12-21'),(10142856,'Masculino','1969-06-12'),(10142857,'Masculino','1964-09-08'),(10142858,'Masculino','1963-04-06'),(10142859,'Masculino','1987-09-05'),(10142860,'Masculino','1961-08-09'),(10142861,'Masculino','1964-06-12'),(10142862,'Masculino','1957-05-01'),(10142863,'Masculino','1965-08-11'),(10142864,'Masculino','1995-03-25'),(10142865,'Masculino','1957-06-11'),(10142866,'Masculino','1990-07-18'),(10142867,'Masculino','1963-03-12'),(10142868,'Masculino','1972-01-25'),(10142869,'Masculino','1960-06-18'),(10142870,'Masculino','1970-03-07'),(10142871,'Masculino','1980-08-01'),(10142872,'Masculino','1977-08-14'),(10142873,'Masculino','1982-03-25'),(10142874,'Masculino','1977-07-12'),(10142875,'Masculino','1989-07-31'),(10142876,'Masculino','1983-03-04'),(10142877,'Masculino','1997-05-21'),(10142878,'Masculino','1952-12-14'),(10142879,'Masculino','1998-08-03'),(10142880,'Masculino','1979-03-06'),(10142881,'Masculino','1952-07-30'),(10142882,'Masculino','1974-11-04'),(10142883,'Masculino','1955-04-20'),(10142884,'Masculino','1958-12-01'),(10142885,'Masculino','1967-07-31'),(10142886,'Masculino','1972-12-07'),(10142887,'Masculino','1951-07-03'),(10142888,'Masculino','1985-02-07'),(10142889,'Masculino','1997-06-15'),(10142890,'Masculino','1954-10-05'),(10142891,'Masculino','1951-01-17'),(10142892,'Masculino','1980-03-18'),(10142893,'Masculino','1955-08-01'),(10142894,'Masculino','1951-08-29'),(10142895,'Masculino','1992-05-07'),(10142896,'Masculino','1966-03-10'),(10142897,'Masculino','1995-06-10'),(10142898,'Masculino','1995-12-27'),(10142899,'Masculino','1954-06-03'),(10142900,'Masculino','1963-12-21'),(10142901,'Masculino','1990-07-07'),(10142902,'Masculino','1988-07-15'),(10142903,'Masculino','1979-10-24'),(10142904,'Masculino','1967-04-20'),(10142905,'Masculino','1983-10-02'),(10142906,'Masculino','1996-12-23'),(10142907,'Masculino','1971-10-20'),(10142908,'Masculino','1999-11-05'),(10142909,'Masculino','1977-08-22'),(10142910,'Masculino','1994-07-29'),(10142911,'Masculino','1956-02-16'),(10142912,'Masculino','1960-06-07'),(10142913,'Masculino','1955-01-10'),(10142914,'Masculino','1983-07-07'),(10142915,'Masculino','1986-10-07'),(10142916,'Masculino','1952-06-25'),(10142917,'Masculino','1954-09-24'),(10142918,'Masculino','1961-10-26'),(10142919,'Masculino','1958-02-11'),(10142920,'Masculino','1985-07-28'),(10142921,'Masculino','1999-09-22'),(10142922,'Masculino','1994-07-16'),(10142923,'Masculino','1980-10-28'),(10142924,'Masculino','1971-09-24'),(10142925,'Masculino','1977-02-24'),(10142926,'Masculino','1993-04-04'),(10142927,'Masculino','1970-05-11'),(10142928,'Masculino','1986-09-13'),(10142929,'Masculino','1974-10-18'),(10142930,'Masculino','1965-01-06'),(10142931,'Masculino','1967-07-27'),(10142932,'Masculino','1982-04-19'),(10142933,'Masculino','1962-03-27'),(10142934,'Masculino','1967-11-05'),(10142935,'Masculino','1976-07-19'),(10142936,'Masculino','1964-09-12'),(10142937,'Masculino','1954-09-18'),(10142938,'Masculino','1989-08-19'),(10142939,'Masculino','1976-11-05'),(10142940,'Masculino','1960-08-06'),(10142941,'Masculino','1966-04-19'),(10142942,'Masculino','1994-08-16'),(10142943,'Masculino','1963-03-12'),(10142944,'Masculino','1969-09-29'),(10142945,'Masculino','1951-05-15'),(10142946,'Masculino','1971-07-19'),(10142947,'Masculino','1953-04-27'),(10142948,'Masculino','1968-07-12'),(10142949,'Masculino','1983-04-18'),(10142950,'Masculino','1979-04-06'),(10142951,'Masculino','1954-04-27'),(10142952,'Masculino','1992-07-01'),(10142953,'Masculino','1970-05-24'),(10142954,'Masculino','1999-05-17'),(10142955,'Masculino','1960-06-08'),(10142956,'Masculino','1997-08-15'),(10142957,'Masculino','1975-01-05'),(10142958,'Masculino','1983-06-07'),(10142959,'Masculino','1993-10-15'),(10142960,'Masculino','1962-09-04'),(10142961,'Masculino','1964-11-15'),(10142962,'Masculino','1954-04-29'),(10142963,'Masculino','1955-01-16'),(10142964,'Masculino','1972-12-01'),(10142965,'Masculino','1991-08-26'),(10142966,'Masculino','1978-08-21'),(10142967,'Masculino','1972-01-01'),(10142968,'Masculino','1971-08-04'),(10142969,'Feminino','1956-04-03'),(10142970,'Masculino','1953-05-08'),(10142971,'Masculino','1951-12-26'),(10142972,'Masculino','1982-12-20'),(10142973,'Masculino','1960-01-02'),(10142974,'Masculino','1989-02-27'),(10142975,'Masculino','1981-11-10'),(10142976,'Masculino','1991-02-19'),(10142977,'Masculino','1966-12-28'),(10142978,'Masculino','1981-03-05'),(10142979,'Masculino','1952-03-25'),(10142980,'Masculino','1978-08-09'),(10142981,'Masculino','1953-09-04'),(10142982,'Masculino','1960-01-18'),(10142983,'Masculino','1969-04-03'),(10142984,'Masculino','1958-11-24'),(10142985,'Masculino','1970-04-05'),(10142986,'Masculino','1991-09-28'),(10142987,'Masculino','1976-10-26'),(10142988,'Masculino','1951-01-23'),(10142989,'Masculino','1977-05-05'),(10142990,'Masculino','1964-04-23'),(10142991,'Masculino','1974-02-27'),(10142992,'Masculino','1973-09-05'),(10142993,'Masculino','1968-11-12'),(10142994,'Masculino','1975-09-29'),(10142995,'Masculino','1969-10-05'),(10142996,'Masculino','1956-06-14'),(10142997,'Masculino','1961-09-18'),(10142998,'Masculino','1987-07-11'),(10142999,'Masculino','1972-10-25'),(10143000,'Masculino','1976-06-28'),(10143001,'Masculino','1996-11-10'),(10143002,'Masculino','1964-08-27'),(10143003,'Masculino','1985-12-10'),(10143004,'Masculino','1985-07-08'),(10143005,'Masculino','1974-08-17'),(10143006,'Masculino','1991-06-15'),(10143007,'Masculino','1951-03-31'),(10143008,'Masculino','1973-10-14'),(10143009,'Masculino','1968-03-28'),(10143010,'Masculino','1988-05-19'),(10143011,'Masculino','1982-06-17'),(10143012,'Masculino','1968-05-17'),(10143013,'Masculino','1959-04-01'),(10143014,'Masculino','1986-09-05'),(10143015,'Masculino','1984-06-13'),(10143016,'Masculino','1988-12-20'),(10143017,'Masculino','1950-10-20'),(10143018,'Masculino','1987-03-09'),(10143019,'Masculino','1957-12-19'),(10143020,'Masculino','1984-06-03'),(10143021,'Masculino','1951-09-16'),(10143022,'Masculino','1973-07-23'),(10143023,'Masculino','1991-10-29'),(10143024,'Masculino','1966-07-14'),(10143025,'Masculino','1963-07-23'),(10143026,'Masculino','1988-07-14'),(10143027,'Masculino','1986-08-23'),(10143028,'Masculino','1997-05-28'),(10143029,'Masculino','1956-04-27'),(10143030,'Masculino','1987-11-16'),(10143031,'Masculino','1992-12-10'),(10143032,'Masculino','1988-07-01'),(10143033,'Masculino','1950-12-27'),(10143034,'Masculino','1993-09-09'),(10143035,'Masculino','1967-07-15'),(10143036,'Masculino','1990-02-10'),(10143037,'Masculino','1999-06-16'),(10143038,'Masculino','1967-12-01'),(10143039,'Masculino','1988-09-21'),(10143040,'Masculino','1972-04-27'),(10143041,'Masculino','1959-08-01'),(10143042,'Masculino','1973-07-28'),(10143043,'Masculino','1974-10-11'),(10143044,'Masculino','1958-01-22'),(10143045,'Masculino','1970-01-22'),(10143046,'Masculino','1994-02-07'),(10143047,'Masculino','1987-12-14'),(10143048,'Masculino','1977-07-05'),(10143049,'Masculino','1989-08-26'),(10143050,'Masculino','1955-11-11'),(10143051,'Masculino','1987-10-22'),(10143052,'Masculino','1966-06-22'),(10143053,'Masculino','1966-07-02'),(10143054,'Masculino','1981-03-26'),(10143055,'Masculino','1973-08-30'),(10143056,'Masculino','1976-12-09'),(10143057,'Masculino','1954-04-17'),(10143058,'Masculino','1960-07-16'),(10143059,'Masculino','1958-12-26'),(10143060,'Masculino','1997-11-08'),(10143061,'Masculino','1973-12-13'),(10143062,'Masculino','1993-02-10'),(10143063,'Masculino','1985-01-01'),(10143064,'Masculino','1964-04-14'),(10143065,'Masculino','1989-02-19'),(10143066,'Masculino','1962-02-15'),(10143067,'Masculino','1961-12-25'),(10143068,'Masculino','1968-03-15'),(10143069,'Masculino','1965-04-23'),(10143070,'Masculino','1989-09-24'),(10143071,'Masculino','1984-01-26'),(10143072,'Masculino','1977-01-29'),(10143073,'Masculino','1986-01-03'),(10143074,'Masculino','1969-07-23'),(10143075,'Masculino','1974-06-16'),(10143076,'Masculino','1998-09-18'),(10143077,'Masculino','1973-07-19'),(10143078,'Masculino','1990-07-28'),(10143079,'Masculino','1974-12-29'),(10143080,'Masculino','1957-07-06'),(10143081,'Masculino','1951-03-02'),(10143082,'Masculino','1980-10-23'),(10143083,'Masculino','1957-03-24'),(10143084,'Masculino','1988-05-01'),(10143085,'Masculino','1974-04-12'),(10143086,'Masculino','1960-05-11'),(10143087,'Masculino','1962-09-05'),(10143088,'Masculino','1976-12-14'),(10143089,'Masculino','1981-11-19'),(10143090,'Masculino','1990-04-05'),(10143091,'Masculino','1980-06-14'),(10143092,'Masculino','1970-07-15'),(10143093,'Masculino','1991-01-17'),(10143094,'Masculino','1980-05-22'),(10143095,'Masculino','1978-02-06'),(10143096,'Masculino','1960-11-22'),(10143097,'Masculino','1960-06-28'),(10143098,'Masculino','1968-05-03'),(10143099,'Masculino','1993-08-20'),(10143100,'Masculino','1976-03-13'),(10143101,'Masculino','1999-02-21'),(10143102,'Masculino','1984-06-29'),(10143103,'Masculino','1960-03-15'),(10143104,'Masculino','1982-08-06'),(10143105,'Masculino','1953-07-01'),(10143106,'Masculino','1965-02-11'),(10143107,'Masculino','1952-08-01'),(10143108,'Masculino','1953-04-13'),(10143109,'Masculino','1993-06-10'),(10143110,'Masculino','1951-07-25'),(10143111,'Masculino','1959-05-22'),(10143112,'Masculino','1951-11-22'),(10143113,'Masculino','1958-12-13'),(10143114,'Masculino','1967-12-24'),(10143115,'Masculino','1986-03-19'),(10143116,'Masculino','1956-06-07'),(10143117,'Feminino','1990-06-27'),(10143118,'Feminino','1989-02-13'),(10143119,'Feminino','1961-11-13'),(10143120,'Feminino','1965-08-11'),(10143121,'Masculino','1982-01-19'),(10143122,'Masculino','1981-08-23'),(10143123,'Masculino','1973-03-14'),(10143124,'Feminino','1990-11-22'),(10143125,'Feminino','1995-10-06'),(10143126,'Masculino','1967-07-13'),(10143127,'Feminino','1993-12-16'),(10143128,'Masculino','1970-02-24'),(10143129,'Feminino','1988-04-19'),(10143130,'Feminino','1992-01-21'),(10143131,'Feminino','1961-01-08'),(10143132,'Feminino','1987-07-10'),(10143133,'Feminino','1973-12-23'),(10143134,'Feminino','1963-10-06'),(10143135,'Feminino','1997-10-11'),(10143136,'Feminino','1969-01-14'),(10143137,'Feminino','1987-07-01'),(10143138,'Masculino','1986-06-02'),(10143139,'Feminino','1957-06-15'),(10143140,'Feminino','1997-01-16'),(10143141,'Feminino','1995-02-28'),(10143142,'Feminino','1956-09-04'),(10143143,'Feminino','1952-01-15'),(10143144,'Feminino','1993-09-04'),(10143145,'Masculino','1964-07-16'),(10143146,'Feminino','1979-04-25'),(10143147,'Feminino','1950-01-26'),(10143148,'Masculino','1958-05-03'),(10143149,'Feminino','1984-12-17'),(10143150,'Masculino','1982-01-04'),(10143151,'Feminino','1981-07-23'),(10143152,'Feminino','1967-06-16'),(10143153,'Feminino','1988-04-20'),(10143154,'Feminino','1998-03-16'),(10143155,'Masculino','1969-10-28'),(10143156,'Masculino','1996-08-17'),(10143157,'Masculino','1951-03-02'),(10143158,'Feminino','1988-10-18'),(10143159,'Feminino','1956-07-16'),(10143160,'Feminino','1967-09-18'),(10143161,'Feminino','1979-08-20'),(10143162,'Feminino','1960-07-06'),(10143163,'Feminino','1970-03-08'),(10143164,'Masculino','1997-06-20'),(10143165,'Feminino','1991-07-09'),(10143166,'Feminino','1960-12-14'),(10143167,'Feminino','1996-07-30'),(10143168,'Feminino','1959-06-22'),(10143169,'Feminino','1996-08-10'),(10143170,'Feminino','1966-06-10'),(10143171,'Feminino','1974-04-21'),(10143172,'Masculino','1984-06-13'),(10143173,'Masculino','1953-08-05'),(10143174,'Masculino','1967-02-11'),(10143175,'Masculino','1964-06-02'),(10143176,'Masculino','1991-09-14'),(10143177,'Masculino','1972-11-18'),(10143178,'Masculino','1988-09-18'),(10143179,'Masculino','1990-10-06'),(10143180,'Masculino','1983-09-30'),(10143181,'Masculino','1997-08-17'),(10143182,'Masculino','1951-01-19'),(10143183,'Masculino','1989-03-17'),(10143184,'Masculino','1984-06-05'),(10143185,'Masculino','1958-11-15'),(10143186,'Masculino','1972-12-17'),(10143187,'Masculino','1952-08-31'),(10143188,'Masculino','1963-07-02'),(10143189,'Masculino','1986-05-23'),(10143190,'Masculino','1966-09-03'),(10143191,'Masculino','1959-02-28'),(10143192,'Masculino','1971-02-18'),(10143193,'Masculino','1982-01-04'),(10143194,'Masculino','1992-09-16'),(10143195,'Masculino','1991-09-06'),(10143196,'Masculino','1969-11-04'),(10143197,'Masculino','1970-01-31'),(10143198,'Masculino','1977-12-30'),(10143199,'Masculino','1983-03-26'),(10143200,'Masculino','1972-06-13'),(10143201,'Masculino','1985-06-07'),(10143202,'Masculino','1963-03-27'),(10143203,'Masculino','1951-02-04'),(10143204,'Masculino','1972-01-14'),(10143205,'Masculino','1968-01-11'),(10143206,'Masculino','1992-07-11'),(10143207,'Masculino','1980-10-30'),(10143208,'Masculino','1966-02-20'),(10143209,'Masculino','1982-11-29'),(10143210,'Masculino','1989-01-06'),(10143211,'Masculino','1996-04-26'),(10143212,'Masculino','1980-02-21'),(10143213,'Masculino','1983-12-28'),(10143214,'Masculino','1989-06-13'),(10143215,'Masculino','1966-10-01'),(10143216,'Masculino','1970-02-22'),(10143217,'Masculino','1993-12-20'),(10143218,'Masculino','1992-09-29'),(10143219,'Masculino','1966-02-20'),(10143220,'Masculino','1992-06-29'),(10143221,'Masculino','1972-07-21'),(10143222,'Masculino','1962-04-20'),(10143223,'Masculino','1950-05-23'),(10143224,'Masculino','1978-02-01'),(10143225,'Masculino','1958-11-10'),(10143226,'Masculino','1981-01-15'),(10143227,'Masculino','1986-02-21'),(10143228,'Masculino','1965-07-26'),(10143229,'Masculino','1960-11-12'),(10143230,'Masculino','1989-11-19'),(10143231,'Masculino','1982-01-16'),(10143232,'Masculino','1960-01-13'),(10143233,'Masculino','1987-02-25'),(10143234,'Masculino','1958-01-31'),(10143235,'Masculino','1975-03-20'),(10143236,'Masculino','1997-09-04'),(10143237,'Masculino','1955-12-15'),(10143238,'Masculino','1976-01-29'),(10143239,'Masculino','1990-08-23'),(10143240,'Masculino','1964-05-07'),(10143241,'Masculino','1952-08-24'),(10143242,'Masculino','1999-05-30'),(10143243,'Masculino','1998-01-22'),(10143244,'Masculino','1961-03-14'),(10143245,'Masculino','1965-05-31'),(10143246,'Masculino','1978-03-14'),(10143247,'Masculino','1993-04-18'),(10143248,'Masculino','1972-11-29'),(10143249,'Masculino','1966-01-21'),(10143250,'Masculino','1962-03-03'),(10143251,'Masculino','1992-07-07'),(10143252,'Masculino','1953-09-07'),(10143253,'Masculino','1974-03-21'),(10143254,'Masculino','1963-03-14'),(10143255,'Masculino','1984-05-09'),(10143256,'Masculino','1960-04-15'),(10143257,'Masculino','1968-08-29'),(10143258,'Masculino','1999-07-03'),(10143259,'Masculino','1959-10-04'),(10143260,'Masculino','1962-05-19'),(10143261,'Masculino','1978-09-09'),(10143262,'Masculino','1966-04-05'),(10143263,'Masculino','1970-09-03'),(10143264,'Masculino','1977-07-14'),(10143265,'Masculino','1978-08-06'),(10143266,'Masculino','1990-12-09'),(10143267,'Masculino','1971-01-09'),(10143268,'Masculino','1966-03-17'),(10143269,'Feminino','1991-05-24'),(10143270,'Feminino','1995-03-24'),(10143271,'Feminino','1986-11-04'),(10143272,'Masculino','1988-05-21'),(10143273,'Feminino','1983-01-04'),(10143274,'Feminino','1972-03-08'),(10143275,'Feminino','1970-07-17'),(10143276,'Feminino','1969-09-06'),(10143277,'Feminino','1959-11-19'),(10143278,'Feminino','1952-07-26'),(10143279,'Feminino','1982-08-20'),(10143280,'Feminino','1991-01-22'),(10143281,'Feminino','1953-08-09'),(10143282,'Masculino','1989-09-06'),(10143283,'Feminino','1978-12-13'),(10143284,'Masculino','1979-12-25'),(10143285,'Feminino','1991-07-10'),(10143286,'Masculino','1988-10-23'),(10143287,'Feminino','1990-06-05'),(10143288,'Masculino','1986-08-02'),(10143289,'Masculino','1985-11-27'),(10143290,'Masculino','1996-04-14'),(10143291,'Masculino','1989-01-07'),(10143292,'Masculino','1982-06-15'),(10143293,'Masculino','1984-05-18'),(10143294,'Masculino','1989-12-15'),(10143295,'Masculino','1978-07-02'),(10143296,'Masculino','1966-12-07'),(10143297,'Masculino','1953-05-23'),(10143298,'Masculino','1964-04-20'),(10143299,'Feminino','1969-01-20'),(10143300,'Feminino','1994-02-13'),(10143301,'Feminino','1977-12-21'),(10143302,'Feminino','1974-12-28'),(10143303,'Masculino','1956-06-16'),(10143304,'Feminino','1979-12-21'),(10143305,'Masculino','1958-11-29'),(10143306,'Feminino','1987-04-22'),(10143307,'Masculino','1971-08-29'),(10143308,'Feminino','1973-02-22'),(10143309,'Masculino','1961-12-13'),(10143310,'Feminino','1991-08-13'),(10143311,'Feminino','1955-10-09'),(10143312,'Masculino','1993-10-21'),(10143313,'Feminino','1976-12-29'),(10143314,'Masculino','1981-02-07'),(10143315,'Feminino','1966-10-12'),(10143316,'Masculino','1954-05-29'),(10143317,'Feminino','1997-02-16'),(10143318,'Feminino','1990-06-12'),(10143319,'Masculino','1994-02-09'),(10143320,'Masculino','1961-09-17'),(10143321,'Masculino','1990-05-01'),(10143322,'Masculino','1997-11-19'),(10143323,'Masculino','1995-07-31'),(10143324,'Masculino','1988-05-09'),(10143325,'Masculino','1985-09-19'),(10143326,'Masculino','1988-06-25'),(10143327,'Masculino','1976-11-18'),(10143328,'Masculino','1998-05-13'),(10143329,'Masculino','1994-04-28'),(10143330,'Masculino','1982-02-23'),(10143331,'Masculino','1976-07-09'),(10143332,'Feminino','1984-12-26'),(10143333,'Feminino','1951-02-15'),(10143334,'Feminino','1989-03-09'),(10143335,'Feminino','1970-01-11'),(10143336,'Feminino','1988-05-28'),(10143337,'Feminino','1968-11-18'),(10143338,'Feminino','1968-05-29'),(10143339,'Masculino','1983-12-12'),(10143340,'Feminino','1959-02-21'),(10143341,'Feminino','1957-10-22'),(10143342,'Feminino','1965-08-26'),(10143343,'Masculino','1991-06-24'),(10143344,'Masculino','1967-06-27'),(10143345,'Feminino','1994-10-17'),(10143346,'Masculino','1978-04-13'),(10143347,'Masculino','1974-12-09'),(10143348,'Masculino','1998-12-23'),(10143349,'Feminino','1962-09-24'),(10143350,'Masculino','1972-01-11'),(10143351,'Masculino','1959-06-15'),(10143352,'Masculino','1969-03-17'),(10143353,'Masculino','1954-09-19'),(10143354,'Masculino','1996-04-23'),(10143355,'Feminino','1999-07-16'),(10143356,'Feminino','1999-06-13'),(10143357,'Feminino','1953-01-07'),(10143358,'Feminino','1994-07-30'),(10143359,'Masculino','1969-06-29'),(10143360,'Masculino','1957-01-21'),(10143361,'Masculino','1983-09-14'),(10143362,'Feminino','1979-09-01'),(10143363,'Masculino','1953-12-28'),(10143364,'Masculino','1997-02-07'),(10143365,'Feminino','1982-07-29'),(10143366,'Masculino','1991-01-13'),(10143367,'Masculino','1958-04-04'),(10143368,'Feminino','1993-07-27'),(10143369,'Masculino','1952-10-30'),(10143370,'Masculino','1987-11-25'),(10143371,'Masculino','1995-03-06'),(10143372,'Masculino','1991-03-10'),(10143373,'Feminino','1968-02-17'),(10143374,'Masculino','1993-06-23'),(10143375,'Feminino','1956-06-27'),(10143376,'Feminino','1954-01-08'),(10143377,'Masculino','1995-07-29'),(10143378,'Masculino','1970-04-26'),(10143379,'Masculino','1979-02-04'),(10143380,'Masculino','1983-05-29'),(10143381,'Feminino','1962-11-04'),(10143382,'Feminino','1998-02-14'),(10143383,'Feminino','1957-07-14'),(10143384,'Feminino','1978-03-28'),(10143385,'Feminino','1952-05-26'),(10143386,'Masculino','1971-02-06'),(10143387,'Masculino','1956-10-21'),(10143388,'Feminino','1975-04-17'),(10143389,'Masculino','1965-03-02'),(10143390,'Masculino','1981-11-02'),(10143391,'Feminino','1953-07-27'),(10143392,'Masculino','1995-10-22'),(10143393,'Masculino','1996-08-09'),(10143394,'Masculino','1971-04-30'),(10143395,'Masculino','1963-09-25'),(10143396,'Masculino','1973-03-25'),(10143397,'Feminino','1972-10-31'),(10143398,'Masculino','1995-05-12'),(10143399,'Feminino','1988-04-17'),(10143400,'Masculino','1960-05-06'),(10143401,'Feminino','1966-01-27'),(10143402,'Masculino','1954-02-04'),(10143403,'Masculino','1990-07-22'),(10143404,'Feminino','1973-01-18'),(10143405,'Feminino','1970-11-25'),(10143406,'Feminino','1998-12-26'),(10143407,'Feminino','1975-04-03'),(10143408,'Masculino','1980-01-24'),(10143409,'Feminino','1954-03-05'),(10143410,'Feminino','1988-02-03'),(10143411,'Feminino','1995-05-03'),(10143412,'Masculino','1988-08-30'),(10143413,'Feminino','1988-12-02'),(10143414,'Masculino','1967-08-26'),(10143415,'Masculino','1992-12-08'),(10143416,'Masculino','1982-12-10'),(10143417,'Masculino','1976-11-25'),(10143418,'Feminino','1995-10-30'),(10143419,'Masculino','1987-07-02'),(10143420,'Masculino','1968-12-17'),(10143421,'Feminino','1967-12-12'),(10143422,'Feminino','1958-09-03'),(10143423,'Masculino','1982-12-08'),(10143424,'Masculino','1993-01-25'),(10143425,'Masculino','1976-06-18'),(10143426,'Masculino','1986-08-08'),(10143427,'Masculino','1952-03-27'),(10143428,'Masculino','1995-01-07'),(10143429,'Masculino','1959-01-31'),(10143430,'Masculino','1959-08-06'),(10143431,'Masculino','1955-08-10'),(10143432,'Masculino','1953-05-27'),(10143433,'Feminino','1977-07-19'),(10143434,'Feminino','1994-03-02'),(10143435,'Feminino','1980-05-20'),(10143436,'Feminino','1976-10-01'),(10143437,'Feminino','1950-01-02'),(10143438,'Feminino','1956-10-27'),(10143439,'Feminino','1987-03-05'),(10143440,'Feminino','1990-03-03'),(10143441,'Masculino','1956-02-20'),(10143442,'Feminino','1970-11-18'),(10143443,'Feminino','1992-10-20'),(10143444,'Feminino','1961-01-10'),(10143445,'Feminino','1972-10-21'),(10143446,'Feminino','1957-08-02'),(10143447,'Feminino','1963-09-11'),(10143448,'Feminino','1979-10-15'),(10143449,'Feminino','1964-05-21'),(10143450,'Feminino','1976-07-23'),(10143451,'Feminino','1964-09-09'),(10143452,'Feminino','1954-03-12'),(10143453,'Feminino','1973-02-04'),(10143454,'Feminino','1955-12-17'),(10143455,'Feminino','1956-10-10'),(10143456,'Feminino','1998-08-27'),(10143457,'Feminino','1963-05-27'),(10143458,'Feminino','1953-06-16'),(10143459,'Feminino','1987-12-08'),(10143460,'Masculino','1993-02-22'),(10143461,'Masculino','1968-05-13'),(10143462,'Masculino','1970-08-31'),(10143463,'Masculino','1988-01-31'),(10143464,'Feminino','1960-03-03'),(10143465,'Feminino','1971-03-23'),(10143466,'Feminino','1970-09-19'),(10143467,'Feminino','1975-01-23'),(10143468,'Masculino','1976-06-26'),(10143469,'Feminino','1989-04-27'),(10143470,'Feminino','1966-06-09'),(10143471,'Feminino','1978-06-13'),(10143472,'Feminino','1979-01-03'),(10143473,'Feminino','1987-06-21'),(10143474,'Feminino','1956-03-04'),(10143475,'Feminino','1991-12-28'),(10143476,'Feminino','1973-09-08'),(10143477,'Feminino','1996-07-22'),(10143478,'Feminino','1983-09-16'),(10143479,'Masculino','1960-12-06'),(10143480,'Masculino','1981-03-25'),(10143481,'Masculino','1973-04-11'),(10143482,'Masculino','1968-06-19'),(10143483,'Masculino','1972-11-24'),(10143484,'Masculino','1976-05-31'),(10143485,'Masculino','1954-02-19'),(10143486,'Masculino','1979-04-06'),(10143487,'Masculino','1953-09-15'),(10143488,'Masculino','1974-05-01'),(10143489,'Masculino','1962-09-15'),(10143490,'Masculino','1958-05-03'),(10143491,'Masculino','1965-02-01'),(10143492,'Feminino','1978-10-11'),(10143493,'Masculino','1992-03-10'),(10143494,'Masculino','1996-06-29'),(10143495,'Masculino','1976-10-01'),(10143496,'Masculino','1983-08-23'),(10143497,'Masculino','1954-12-11'),(10143498,'Feminino','1953-01-03'),(10143499,'Feminino','1997-09-19'),(10143500,'Masculino','1987-12-06'),(10143501,'Feminino','1980-12-20'),(10143502,'Masculino','1977-07-09'),(10143503,'Masculino','1973-05-20'),(10143504,'Feminino','1954-11-16'),(10143505,'Masculino','1971-04-30'),(10143506,'Masculino','1960-04-30'),(10143507,'Feminino','1979-08-30'),(10143508,'Masculino','1978-07-07'),(10143509,'Masculino','1963-04-14'),(10143510,'Masculino','1951-02-09'),(10143511,'Feminino','1983-10-09'),(10143512,'Feminino','1967-07-05'),(10143513,'Masculino','1989-01-24'),(10143514,'Masculino','1968-11-26'),(10143515,'Masculino','1957-09-02'),(10143516,'Feminino','1957-07-13'),(10143517,'Masculino','1978-07-08'),(10143518,'Masculino','1993-04-20'),(10143519,'Masculino','1980-03-30'),(10143520,'Masculino','1964-09-13'),(10143521,'Feminino','1976-06-15'),(10143522,'Masculino','1965-11-12'),(10143523,'Feminino','1953-02-24'),(10143524,'Masculino','1989-04-26'),(10143525,'Feminino','1969-03-19'),(10143526,'Feminino','1964-05-10'),(10143527,'Masculino','1969-09-26'),(10143528,'Masculino','1975-04-06'),(10143529,'Masculino','1974-04-23'),(10143530,'Feminino','1983-05-03'),(10143531,'Feminino','1956-01-08'),(10143532,'Masculino','1997-06-13'),(10143533,'Feminino','1992-04-29'),(10143534,'Masculino','1972-02-13'),(10143535,'Masculino','1957-01-24'),(10143536,'Masculino','1966-02-24'),(10143537,'Masculino','1957-01-30'),(10143538,'Masculino','1975-02-16'),(10143539,'Masculino','1998-02-23'),(10143540,'Masculino','1977-06-15'),(10143541,'Feminino','1999-10-18'),(10143542,'Masculino','1988-10-29'),(10143543,'Masculino','1982-06-25'),(10143544,'Masculino','1963-04-16'),(10143545,'Masculino','1956-09-23'),(10143546,'Masculino','1978-12-28'),(10143547,'Masculino','1978-07-08'),(10143548,'Masculino','1958-12-07'),(10143549,'Masculino','1977-04-16'),(10143550,'Feminino','1980-10-28'),(10143551,'Masculino','1985-05-02'),(10143552,'Feminino','1959-05-17'),(10143553,'Masculino','1986-02-22'),(10143554,'Feminino','1979-08-08'),(10143555,'Feminino','1950-03-04'),(10143556,'Feminino','1997-03-17'),(10143557,'Feminino','1960-08-13'),(10143558,'Masculino','1952-05-11'),(10143559,'Feminino','1996-02-15'),(10143560,'Masculino','1967-08-31'),(10143561,'Masculino','1969-10-23'),(10143562,'Masculino','1961-10-04'),(10143563,'Masculino','1979-01-30'),(10143564,'Feminino','1996-04-20'),(10143565,'Feminino','1963-04-18'),(10143566,'Feminino','1968-10-13'),(10143567,'Feminino','1962-04-25'),(10143568,'Feminino','1998-07-14'),(10143569,'Masculino','1955-06-08'),(10143570,'Feminino','1986-01-07'),(10143571,'Masculino','1988-08-02'),(10143572,'Feminino','1980-08-23'),(10143573,'Masculino','1975-10-13'),(10143574,'Masculino','1966-12-01'),(10143575,'Masculino','1984-05-26'),(10143576,'Masculino','1994-01-12'),(10143577,'Masculino','1970-11-16'),(10143578,'Masculino','1986-12-16'),(10143579,'Masculino','1993-06-14'),(10143580,'Masculino','1995-07-16'),(10143581,'Feminino','1969-07-14'),(10143582,'Masculino','1974-05-01'),(10143583,'Feminino','1990-09-22'),(10143584,'Feminino','1992-09-04'),(10143585,'Feminino','1965-07-08'),(10143586,'Feminino','1950-04-10'),(10143587,'Masculino','1984-08-02'),(10143588,'Feminino','1966-03-15'),(10143589,'Feminino','1963-03-25'),(10143590,'Masculino','1956-03-23'),(10143591,'Feminino','1988-04-21'),(10143592,'Masculino','1980-02-26'),(10143593,'Feminino','1954-05-17'),(10143594,'Masculino','1981-01-06'),(10143595,'Masculino','1958-01-22'),(10143596,'Masculino','1991-05-20'),(10143597,'Feminino','1983-06-25'),(10143598,'Feminino','1951-07-29'),(10143599,'Feminino','1993-03-16'),(10143600,'Feminino','1978-06-29'),(10143601,'Feminino','1977-04-12'),(10143602,'Feminino','1969-08-15'),(10143603,'Masculino','1964-06-02'),(10143604,'Masculino','1962-02-13'),(10143605,'Feminino','1978-12-08'),(10143606,'Feminino','1951-05-26'),(10143607,'Feminino','1999-03-15'),(10143608,'Feminino','1953-12-29'),(10143609,'Masculino','1988-01-01'),(10143610,'Feminino','1989-10-22'),(10143611,'Masculino','1994-03-30'),(10143612,'Masculino','1961-01-14'),(10143613,'Feminino','1982-11-20'),(10143614,'Feminino','1972-05-24'),(10143615,'Feminino','1961-06-02'),(10143616,'Masculino','1999-04-06'),(10143617,'Masculino','1962-06-14'),(10143618,'Masculino','1989-03-14'),(10143619,'Masculino','1991-07-09'),(10143620,'Masculino','1965-10-21'),(10143621,'Masculino','1999-11-11'),(10143622,'Masculino','1982-12-07'),(10143623,'Masculino','1975-07-16'),(10143624,'Masculino','1959-04-01'),(10143625,'Masculino','1994-05-13'),(10143626,'Masculino','1956-09-08'),(10143627,'Masculino','1963-06-16');
/*!40000 ALTER TABLE `pessoa` ENABLE KEYS */;
UNLOCK TABLES;
/*!40103 SET TIME_ZONE=@OLD_TIME_ZONE */;

/*!40101 SET SQL_MODE=@OLD_SQL_MODE */;
/*!40014 SET FOREIGN_KEY_CHECKS=@OLD_FOREIGN_KEY_CHECKS */;
/*!40014 SET UNIQUE_CHECKS=@OLD_UNIQUE_CHECKS */;
/*!40101 SET CHARACTER_SET_CLIENT=@OLD_CHARACTER_SET_CLIENT */;
/*!40101 SET CHARACTER_SET_RESULTS=@OLD_CHARACTER_SET_RESULTS */;
/*!40101 SET COLLATION_CONNECTION=@OLD_COLLATION_CONNECTION */;
/*!40111 SET SQL_NOTES=@OLD_SQL_NOTES */;

-- Dump completed on 2022-07-25 18:48:01
